Handle,Title,Body (HTML),Vendor,Product Category,Type,Tags,Published,Option1 Name,Option1 Value,Option2 Name,Option2 Value,Option3 Name,Option3 Value,Variant SKU,Variant Inventory Tracker,Variant Inventory Qty,Variant Inventory Policy,Variant Fulfillment Service,Variant Price,Variant Compare At Price,Variant Requires Shipping,Variant Taxable,Variant Barcode,Image Src,Image Position,Image Alt Text,Gift Card,SEO Title,SEO Description,Variant Image URL,Variant Weight Unit,Variant Tax Code,Cost per item,Status,Collection
anode-headphones,Anode Wireless Headphones,"<p>Premium over-ear wireless headphones with active noise cancellation, 40-hour battery life, and spatial audio. Crafted with memory foam ear cushions and aerospace-grade aluminum frame for all-day comfort.</p>",Anode Studio,,Audio,"wireless,audio,premium,headphones,bestseller",TRUE,Color,Black,,,,,ANODE-HEADPHONES-BLK,shopify,54,deny,manual,249.00,,TRUE,TRUE,,https://cdn.shopify.com/s/files/1/0726/9194/1453/files/anode-headphones-black.jpg,1,Anode Wireless Headphones in Black,FALSE,,,https://cdn.shopify.com/s/files/1/0726/9194/1453/files/anode-headphones-black.jpg,kg,,104.58,active,Listen & Home
anode-headphones,Anode Wireless Headphones,"<p>Premium over-ear wireless headphones with active noise cancellation, 40-hour battery life, and spatial audio. Crafted with memory foam ear cushions and aerospace-grade aluminum frame for all-day comfort.</p>",Anode Studio,,Audio,"wireless,audio,premium,headphones,bestseller",TRUE,Color,Silver,,,,,ANODE-HEADPHONES-SLV,shopify,5,deny,manual,249.00,,TRUE,TRUE,,https://cdn.shopify.com/s/files/1/0726/9194/1453/files/anode-headphones-silver.jpg,2,Anode Wireless Headphones in Silver,FALSE,,,https://cdn.shopify.com/s/files/1/0726/9194/1453/files/anode-headphones-silver.jpg,kg,,104.58,active,Listen & Home
anode-headphones,Anode Wireless Headphones,"<p>Premium over-ear wireless headphones with active noise cancellation, 40-hour battery life, and spatial audio. Crafted with memory foam ear cushions and aerospace-grade aluminum frame for all-day comfort.</p>",Anode Studio,,Audio,"wireless,audio,premium,headphones,bestseller",TRUE,Color,Blue,,,,,ANODE-HEADPHONES-BLU,shopify,0,deny,manual,249.00,,TRUE,TRUE,,https://cdn.shopify.com/s/files/1/0726/9194/1453/files/anode-headphones-blue.jpg,3,Anode Wireless Headphones in Blue,FALSE,,,https://cdn.shopify.com/s/files/1/0726/9194/1453/files/anode-headphones-blue.jpg,kg,,104.58,active,Listen & Home
anode-speaker,Anode Sound Speaker,"<p>Compact portable Bluetooth speaker with 360-degree sound, 24-hour playback, and water-resistant design. Rich bass response and crystal-clear highs in a minimalist form factor.</p>",Anode Studio,,Audio,"speaker,bluetooth,portable,audio",TRUE,Color,Graphite,,,,,ANODE-SPEAKER-GRP,shopify,56,deny,manual,129.00,,TRUE,TRUE,,https://cdn.shopify.com/s/files/1/0726/9194/1453/files/anode-speaker-graphite.jpg,1,Anode Sound Speaker in Graphite,FALSE,,,https://cdn.shopify.com/s/files/1/0726/9194/1453/files/anode-speaker-graphite.jpg,kg,,54.18,active,Listen & Home
anode-speaker,Anode Sound Speaker,"<p>Compact portable Bluetooth speaker with 360-degree sound, 24-hour playback, and water-resistant design. Rich bass response and crystal-clear highs in a minimalist form factor.</p>",Anode Studio,,Audio,"speaker,bluetooth,portable,audio",TRUE,Color,Black,,,,,ANODE-SPEAKER-BLK,shopify,0,deny,manual,129.00,,TRUE,TRUE,,https://cdn.shopify.com/s/files/1/0726/9194/1453/files/anode-speaker-black.jpg,2,Anode Sound Speaker in Black,FALSE,,,https://cdn.shopify.com/s/files/1/0726/9194/1453/files/anode-speaker-black.jpg,kg,,54.18,active,Listen & Home
anode-speaker,Anode Sound Speaker,"<p>Compact portable Bluetooth speaker with 360-degree sound, 24-hour playback, and water-resistant design. Rich bass response and crystal-clear highs in a minimalist form factor.</p>",Anode Studio,,Audio,"speaker,bluetooth,portable,audio",TRUE,Color,Blue,,,,,ANODE-SPEAKER-BLU,shopify,1,deny,manual,129.00,,TRUE,TRUE,,https://cdn.shopify.com/s/files/1/0726/9194/1453/files/anode-speaker-blue.jpg,3,Anode Sound Speaker in Blue,FALSE,,,https://cdn.shopify.com/s/files/1/0726/9194/1453/files/anode-speaker-blue.jpg,kg,,54.18,active,Listen & Home
anode-earbuds,Anode True Wireless Earbuds,"<p>In-ear true wireless earbuds with adaptive noise cancellation, spatial audio, and up to 30 hours total battery life with the charging case.</p>",Anode Studio,,Audio,"earbuds,wireless,bluetooth,audio,bestseller",TRUE,Color,Silver,,,,,ANODE-EARBUDS-SLV,shopify,2,deny,manual,179.00,,TRUE,TRUE,,https://cdn.shopify.com/s/files/1/0726/9194/1453/files/anode-earbuds-silver.jpg,1,Anode True Wireless Earbuds in Silver,FALSE,,,https://cdn.shopify.com/s/files/1/0726/9194/1453/files/anode-earbuds-silver.jpg,kg,,75.18,active,Listen & Home
anode-earbuds,Anode True Wireless Earbuds,"<p>In-ear true wireless earbuds with adaptive noise cancellation, spatial audio, and up to 30 hours total battery life with the charging case.</p>",Anode Studio,,Audio,"earbuds,wireless,bluetooth,audio,bestseller",TRUE,Color,Black,,,,,ANODE-EARBUDS-BLK,shopify,0,deny,manual,179.00,,TRUE,TRUE,,https://cdn.shopify.com/s/files/1/0726/9194/1453/files/anode-earbuds-black.jpg,2,Anode True Wireless Earbuds in Black,FALSE,,,https://cdn.shopify.com/s/files/1/0726/9194/1453/files/anode-earbuds-black.jpg,kg,,75.18,active,Listen & Home
anode-earbuds,Anode True Wireless Earbuds,"<p>In-ear true wireless earbuds with adaptive noise cancellation, spatial audio, and up to 30 hours total battery life with the charging case.</p>",Anode Studio,,Audio,"earbuds,wireless,bluetooth,audio,bestseller",TRUE,Color,Blue,,,,,ANODE-EARBUDS-BLU,shopify,42,deny,manual,179.00,,TRUE,TRUE,,https://cdn.shopify.com/s/files/1/0726/9194/1453/files/anode-earbuds-blue.jpg,3,Anode True Wireless Earbuds in Blue,FALSE,,,https://cdn.shopify.com/s/files/1/0726/9194/1453/files/anode-earbuds-blue.jpg,kg,,75.18,active,Listen & Home
anode-soundbar,Anode Studio Soundbar,"<p>3-channel soundbar with Dolby Atmos support, room calibration, and multiple connectivity options including HDMI eARC and Bluetooth.</p>",Anode Studio,,Audio,"soundbar,dolby,atmos,home-theater,audio",TRUE,Color,Silver,,,,,ANODE-SOUNDBAR-SLV,shopify,38,deny,manual,399.00,,TRUE,TRUE,,https://cdn.shopify.com/s/files/1/0726/9194/1453/files/anode-soundbar-silver.jpg,1,Anode Studio Soundbar in Silver,FALSE,,,https://cdn.shopify.com/s/files/1/0726/9194/1453/files/anode-soundbar-silver.jpg,kg,,167.58,active,Listen & Home
anode-soundbar,Anode Studio Soundbar,"<p>3-channel soundbar with Dolby Atmos support, room calibration, and multiple connectivity options including HDMI eARC and Bluetooth.</p>",Anode Studio,,Audio,"soundbar,dolby,atmos,home-theater,audio",TRUE,Color,Black,,,,,ANODE-SOUNDBAR-BLK,shopify,0,deny,manual,399.00,,TRUE,TRUE,,https://cdn.shopify.com/s/files/1/0726/9194/1453/files/anode-soundbar-black.jpg,2,Anode Studio Soundbar in Black,FALSE,,,https://cdn.shopify.com/s/files/1/0726/9194/1453/files/anode-soundbar-black.jpg,kg,,167.58,active,Listen & Home
anode-soundbar,Anode Studio Soundbar,"<p>3-channel soundbar with Dolby Atmos support, room calibration, and multiple connectivity options including HDMI eARC and Bluetooth.</p>",Anode Studio,,Audio,"soundbar,dolby,atmos,home-theater,audio",TRUE,Color,Blue,,,,,ANODE-SOUNDBAR-BLU,shopify,5,deny,manual,399.00,,TRUE,TRUE,,https://cdn.shopify.com/s/files/1/0726/9194/1453/files/anode-soundbar-blue.jpg,3,Anode Studio Soundbar in Blue,FALSE,,,https://cdn.shopify.com/s/files/1/0726/9194/1453/files/anode-soundbar-blue.jpg,kg,,167.58,active,Listen & Home
anode-wallet,Anode Leather Wallet,"<p>Slim RFID-blocking leather wallet with 8 card slots, hidden cash pocket, and minimalist design. Handcrafted from full-grain Italian leather that ages beautifully.</p>",Anode Studio,,Accessories,"wallet,leather,minimalist,rfid",TRUE,Color,Black,,,,,ANODE-WALLET-BLK,shopify,50,deny,manual,89.00,,TRUE,TRUE,,https://cdn.shopify.com/s/files/1/0726/9194/1453/files/anode-wallet-black.jpg,1,Anode Leather Wallet in Black,FALSE,,,https://cdn.shopify.com/s/files/1/0726/9194/1453/files/anode-wallet-black.jpg,kg,,37.38,active,Accessories
anode-wallet,Anode Leather Wallet,"<p>Slim RFID-blocking leather wallet with 8 card slots, hidden cash pocket, and minimalist design. Handcrafted from full-grain Italian leather that ages beautifully.</p>",Anode Studio,,Accessories,"wallet,leather,minimalist,rfid",TRUE,Color,Blue,,,,,ANODE-WALLET-BLU,shopify,5,deny,manual,89.00,,TRUE,TRUE,,https://cdn.shopify.com/s/files/1/0726/9194/1453/files/anode-wallet-blue.jpg,2,Anode Leather Wallet in Blue,FALSE,,,https://cdn.shopify.com/s/files/1/0726/9194/1453/files/anode-wallet-blue.jpg,kg,,37.38,active,Accessories
anode-wallet,Anode Leather Wallet,"<p>Slim RFID-blocking leather wallet with 8 card slots, hidden cash pocket, and minimalist design. Handcrafted from full-grain Italian leather that ages beautifully.</p>",Anode Studio,,Accessories,"wallet,leather,minimalist,rfid",TRUE,Color,Yellow,,,,,ANODE-WALLET-YLW,shopify,0,deny,manual,89.00,,TRUE,TRUE,,https://cdn.shopify.com/s/files/1/0726/9194/1453/files/anode-wallet-yellow.jpg,3,Anode Leather Wallet in Yellow,FALSE,,,https://cdn.shopify.com/s/files/1/0726/9194/1453/files/anode-wallet-yellow.jpg,kg,,37.38,active,Accessories
anode-passport-holder,Anode Passport Holder,"<p>Elegant passport holder with RFID blocking, dedicated card slots, and pen loop. Made from premium vegetable-tanned leather.</p>",Anode Studio,,Accessories,"passport,travel,leather,rfid",TRUE,Color,Tan,,,,,ANODE-PASSPORT-HOLDER-TAN,shopify,2,deny,manual,49.00,,TRUE,TRUE,,https://cdn.shopify.com/s/files/1/0726/9194/1453/files/anode-passport-holder-tan.jpg,1,Anode Passport Holder in Tan,FALSE,,,https://cdn.shopify.com/s/files/1/0726/9194/1453/files/anode-passport-holder-tan.jpg,kg,,20.58,active,Accessories
anode-passport-holder,Anode Passport Holder,"<p>Elegant passport holder with RFID blocking, dedicated card slots, and pen loop. Made from premium vegetable-tanned leather.</p>",Anode Studio,,Accessories,"passport,travel,leather,rfid",TRUE,Color,Black,,,,,ANODE-PASSPORT-HOLDER-BLK,shopify,86,deny,manual,49.00,,TRUE,TRUE,,https://cdn.shopify.com/s/files/1/0726/9194/1453/files/anode-passport-holder-black.jpg,2,Anode Passport Holder in Black,FALSE,,,https://cdn.shopify.com/s/files/1/0726/9194/1453/files/anode-passport-holder-black.jpg,kg,,20.58,active,Accessories
anode-passport-holder,Anode Passport Holder,"<p>Elegant passport holder with RFID blocking, dedicated card slots, and pen loop. Made from premium vegetable-tanned leather.</p>",Anode Studio,,Accessories,"passport,travel,leather,rfid",TRUE,Color,Blue,,,,,ANODE-PASSPORT-HOLDER-BLU,shopify,0,deny,manual,49.00,,TRUE,TRUE,,https://cdn.shopify.com/s/files/1/0726/9194/1453/files/anode-passport-holder-blue.jpg,3,Anode Passport Holder in Blue,FALSE,,,https://cdn.shopify.com/s/files/1/0726/9194/1453/files/anode-passport-holder-blue.jpg,kg,,20.58,active,Accessories
anode-phone-stand,Anode Aluminum Phone Stand,"<p>Precision-machined aluminum phone stand with adjustable viewing angle, cable management, and universal compatibility with all smartphones.</p>",Anode Studio,,Accessories,"stand,aluminum,desk,phone",TRUE,Color,Graphite,,,,,ANODE-PHONE-STAND-GRP,shopify,0,deny,manual,39.00,,TRUE,TRUE,,https://cdn.shopify.com/s/files/1/0726/9194/1453/files/anode-phone-stand-graphite.jpg,1,Anode Aluminum Phone Stand in Graphite,FALSE,,,https://cdn.shopify.com/s/files/1/0726/9194/1453/files/anode-phone-stand-graphite.jpg,kg,,16.38,active,Phone
anode-phone-stand,Anode Aluminum Phone Stand,"<p>Precision-machined aluminum phone stand with adjustable viewing angle, cable management, and universal compatibility with all smartphones.</p>",Anode Studio,,Accessories,"stand,aluminum,desk,phone",TRUE,Color,Silver,,,,,ANODE-PHONE-STAND-SLV,shopify,3,deny,manual,39.00,,TRUE,TRUE,,https://cdn.shopify.com/s/files/1/0726/9194/1453/files/anode-phone-stand-silver.jpg,2,Anode Aluminum Phone Stand in Silver,FALSE,,,https://cdn.shopify.com/s/files/1/0726/9194/1453/files/anode-phone-stand-silver.jpg,kg,,16.38,active,Phone
anode-phone-stand,Anode Aluminum Phone Stand,"<p>Precision-machined aluminum phone stand with adjustable viewing angle, cable management, and universal compatibility with all smartphones.</p>",Anode Studio,,Accessories,"stand,aluminum,desk,phone",TRUE,Color,Blue,,,,,ANODE-PHONE-STAND-BLU,shopify,63,deny,manual,39.00,,TRUE,TRUE,,https://cdn.shopify.com/s/files/1/0726/9194/1453/files/anode-phone-stand-blue.jpg,3,Anode Aluminum Phone Stand in Blue,FALSE,,,https://cdn.shopify.com/s/files/1/0726/9194/1453/files/anode-phone-stand-blue.jpg,kg,,16.38,active,Phone
anode-portfolio,Anode Leather Portfolio,"<p>Premium leather portfolio with writing pad, elastic band closure, pen loop, and card slots. Professional design for meetings and presentations.</p>",Anode Studio,,Accessories,"portfolio,leather,office,professional",TRUE,Color,Tan,,,,,ANODE-PORTFOLIO-TAN,shopify,2,deny,manual,79.00,,TRUE,TRUE,,https://cdn.shopify.com/s/files/1/0726/9194/1453/files/anode-portfolio-tan.jpg,1,Anode Leather Portfolio in Tan,FALSE,,,https://cdn.shopify.com/s/files/1/0726/9194/1453/files/anode-portfolio-tan.jpg,kg,,33.18,active,Accessories
anode-portfolio,Anode Leather Portfolio,"<p>Premium leather portfolio with writing pad, elastic band closure, pen loop, and card slots. Professional design for meetings and presentations.</p>",Anode Studio,,Accessories,"portfolio,leather,office,professional",TRUE,Color,Black,,,,,ANODE-PORTFOLIO-BLK,shopify,0,deny,manual,79.00,,TRUE,TRUE,,https://cdn.shopify.com/s/files/1/0726/9194/1453/files/anode-portfolio-black.jpg,2,Anode Leather Portfolio in Black,FALSE,,,https://cdn.shopify.com/s/files/1/0726/9194/1453/files/anode-portfolio-black.jpg,kg,,33.18,active,Accessories
anode-portfolio,Anode Leather Portfolio,"<p>Premium leather portfolio with writing pad, elastic band closure, pen loop, and card slots. Professional design for meetings and presentations.</p>",Anode Studio,,Accessories,"portfolio,leather,office,professional",TRUE,Color,Blue,,,,,ANODE-PORTFOLIO-BLU,shopify,85,deny,manual,79.00,,TRUE,TRUE,,https://cdn.shopify.com/s/files/1/0726/9194/1453/files/anode-portfolio-blue.jpg,3,Anode Leather Portfolio in Blue,FALSE,,,https://cdn.shopify.com/s/files/1/0726/9194/1453/files/anode-portfolio-blue.jpg,kg,,33.18,active,Accessories
anode-watch,Anode Smart Watch,"<p>Elegant smartwatch with always-on Retina display, heart rate monitoring, GPS, and 7-day battery life. Customizable faces and premium build quality.</p>",Anode Studio,,Wearables,"smartwatch,wearable,fitness,gps,bestseller",TRUE,Color,Black,,,,,ANODE-WATCH-BLK,shopify,2,deny,manual,399.00,,TRUE,TRUE,,https://cdn.shopify.com/s/files/1/0726/9194/1453/files/anode-watch-black.jpg,1,Anode Smart Watch in Black,FALSE,,,https://cdn.shopify.com/s/files/1/0726/9194/1453/files/anode-watch-black.jpg,kg,,167.58,active,Watch
anode-watch,Anode Smart Watch,"<p>Elegant smartwatch with always-on Retina display, heart rate monitoring, GPS, and 7-day battery life. Customizable faces and premium build quality.</p>",Anode Studio,,Wearables,"smartwatch,wearable,fitness,gps,bestseller",TRUE,Color,Silver,,,,,ANODE-WATCH-SLV,shopify,86,deny,manual,399.00,,TRUE,TRUE,,https://cdn.shopify.com/s/files/1/0726/9194/1453/files/anode-watch-silver.jpg,2,Anode Smart Watch in Silver,FALSE,,,https://cdn.shopify.com/s/files/1/0726/9194/1453/files/anode-watch-silver.jpg,kg,,167.58,active,Watch
anode-watch,Anode Smart Watch,"<p>Elegant smartwatch with always-on Retina display, heart rate monitoring, GPS, and 7-day battery life. Customizable faces and premium build quality.</p>",Anode Studio,,Wearables,"smartwatch,wearable,fitness,gps,bestseller",TRUE,Color,Blue,,,,,ANODE-WATCH-BLU,shopify,0,deny,manual,399.00,,TRUE,TRUE,,https://cdn.shopify.com/s/files/1/0726/9194/1453/files/anode-watch-blue.jpg,3,Anode Smart Watch in Blue,FALSE,,,https://cdn.shopify.com/s/files/1/0726/9194/1453/files/anode-watch-blue.jpg,kg,,167.58,active,Watch
anode-fitness-tracker,Anode Fitness Tracker,"<p>Slim fitness tracker with continuous heart rate, SpO2 monitoring, sleep tracking, and 14-day battery life. Water-resistant to 50 meters.</p>",Anode Studio,,Wearables,"fitness,tracker,health,wearable",TRUE,Color,Silver,,,,,ANODE-FITNESS-TRACKER-SLV,shopify,22,deny,manual,149.00,,TRUE,TRUE,,https://cdn.shopify.com/s/files/1/0726/9194/1453/files/anode-fitness-tracker-silver.jpg,1,Anode Fitness Tracker in Silver,FALSE,,,https://cdn.shopify.com/s/files/1/0726/9194/1453/files/anode-fitness-tracker-silver.jpg,kg,,62.58,active,Watch
anode-fitness-tracker,Anode Fitness Tracker,"<p>Slim fitness tracker with continuous heart rate, SpO2 monitoring, sleep tracking, and 14-day battery life. Water-resistant to 50 meters.</p>",Anode Studio,,Wearables,"fitness,tracker,health,wearable",TRUE,Color,Black,,,,,ANODE-FITNESS-TRACKER-BLK,shopify,0,deny,manual,149.00,,TRUE,TRUE,,https://cdn.shopify.com/s/files/1/0726/9194/1453/files/anode-fitness-tracker-black.jpg,2,Anode Fitness Tracker in Black,FALSE,,,https://cdn.shopify.com/s/files/1/0726/9194/1453/files/anode-fitness-tracker-black.jpg,kg,,62.58,active,Watch
anode-fitness-tracker,Anode Fitness Tracker,"<p>Slim fitness tracker with continuous heart rate, SpO2 monitoring, sleep tracking, and 14-day battery life. Water-resistant to 50 meters.</p>",Anode Studio,,Wearables,"fitness,tracker,health,wearable",TRUE,Color,Blue,,,,,ANODE-FITNESS-TRACKER-BLU,shopify,1,deny,manual,149.00,,TRUE,TRUE,,https://cdn.shopify.com/s/files/1/0726/9194/1453/files/anode-fitness-tracker-blue.jpg,3,Anode Fitness Tracker in Blue,FALSE,,,https://cdn.shopify.com/s/files/1/0726/9194/1453/files/anode-fitness-tracker-blue.jpg,kg,,62.58,active,Watch
anode-lamp,Anode Table Lamp,"<p>Minimalist LED table lamp with touch dimming, warm-to-cool color temperature adjustment, and built-in wireless charging pad.</p>",Anode Studio,,Home,"lamp,led,minimalist,wireless-charging",TRUE,Color,Silver,,,,,ANODE-LAMP-SLV,shopify,53,deny,manual,119.00,,TRUE,TRUE,,https://cdn.shopify.com/s/files/1/0726/9194/1453/files/anode-lamp-silver.jpg,1,Anode Table Lamp in Silver,FALSE,,,https://cdn.shopify.com/s/files/1/0726/9194/1453/files/anode-lamp-silver.jpg,kg,,49.98,active,Desk
anode-lamp,Anode Table Lamp,"<p>Minimalist LED table lamp with touch dimming, warm-to-cool color temperature adjustment, and built-in wireless charging pad.</p>",Anode Studio,,Home,"lamp,led,minimalist,wireless-charging",TRUE,Color,Black,,,,,ANODE-LAMP-BLK,shopify,0,deny,manual,119.00,,TRUE,TRUE,,https://cdn.shopify.com/s/files/1/0726/9194/1453/files/anode-lamp-black.jpg,2,Anode Table Lamp in Black,FALSE,,,https://cdn.shopify.com/s/files/1/0726/9194/1453/files/anode-lamp-black.jpg,kg,,49.98,active,Desk
anode-lamp,Anode Table Lamp,"<p>Minimalist LED table lamp with touch dimming, warm-to-cool color temperature adjustment, and built-in wireless charging pad.</p>",Anode Studio,,Home,"lamp,led,minimalist,wireless-charging",TRUE,Color,Blue,,,,,ANODE-LAMP-BLU,shopify,1,deny,manual,119.00,,TRUE,TRUE,,https://cdn.shopify.com/s/files/1/0726/9194/1453/files/anode-lamp-blue.jpg,3,Anode Table Lamp in Blue,FALSE,,,https://cdn.shopify.com/s/files/1/0726/9194/1453/files/anode-lamp-blue.jpg,kg,,49.98,active,Desk
anode-desk-lamp,Anode Desk Lamp,"<p>Professional desk lamp with multi-axis articulation, flicker-free LED, daylight simulation mode, and memory function for brightness settings.</p>",Anode Studio,,Home,"lamp,desk,led,office",TRUE,Color,Silver,,,,,ANODE-DESK-LAMP-SLV,shopify,55,deny,manual,199.00,,TRUE,TRUE,,https://cdn.shopify.com/s/files/1/0726/9194/1453/files/anode-desk-lamp-silver.jpg,1,Anode Desk Lamp in Silver,FALSE,,,https://cdn.shopify.com/s/files/1/0726/9194/1453/files/anode-desk-lamp-silver.jpg,kg,,83.58,active,Desk
anode-desk-lamp,Anode Desk Lamp,"<p>Professional desk lamp with multi-axis articulation, flicker-free LED, daylight simulation mode, and memory function for brightness settings.</p>",Anode Studio,,Home,"lamp,desk,led,office",TRUE,Color,Black,,,,,ANODE-DESK-LAMP-BLK,shopify,2,deny,manual,199.00,,TRUE,TRUE,,https://cdn.shopify.com/s/files/1/0726/9194/1453/files/anode-desk-lamp-black.jpg,2,Anode Desk Lamp in Black,FALSE,,,https://cdn.shopify.com/s/files/1/0726/9194/1453/files/anode-desk-lamp-black.jpg,kg,,83.58,active,Desk
anode-desk-lamp,Anode Desk Lamp,"<p>Professional desk lamp with multi-axis articulation, flicker-free LED, daylight simulation mode, and memory function for brightness settings.</p>",Anode Studio,,Home,"lamp,desk,led,office",TRUE,Color,Blue,,,,,ANODE-DESK-LAMP-BLU,shopify,0,deny,manual,199.00,,TRUE,TRUE,,https://cdn.shopify.com/s/files/1/0726/9194/1453/files/anode-desk-lamp-blue.jpg,3,Anode Desk Lamp in Blue,FALSE,,,https://cdn.shopify.com/s/files/1/0726/9194/1453/files/anode-desk-lamp-blue.jpg,kg,,83.58,active,Desk
anode-smart-lamp,Anode Smart LED Lamp,"<p>Wi-Fi enabled smart lamp with millions of colors, music sync, scheduling, and voice control via major smart home assistants.</p>",Anode Studio,,Home,"smart,led,colorful,homekit",TRUE,Color,Silver,,,,,ANODE-SMART-LAMP-SLV,shopify,2,deny,manual,89.00,,TRUE,TRUE,,https://cdn.shopify.com/s/files/1/0726/9194/1453/files/anode-smart-lamp-silver.jpg,1,Anode Smart LED Lamp in Silver,FALSE,,,https://cdn.shopify.com/s/files/1/0726/9194/1453/files/anode-smart-lamp-silver.jpg,kg,,37.38,active,Desk
anode-smart-lamp,Anode Smart LED Lamp,"<p>Wi-Fi enabled smart lamp with millions of colors, music sync, scheduling, and voice control via major smart home assistants.</p>",Anode Studio,,Home,"smart,led,colorful,homekit",TRUE,Color,Black,,,,,ANODE-SMART-LAMP-BLK,shopify,0,deny,manual,89.00,,TRUE,TRUE,,https://cdn.shopify.com/s/files/1/0726/9194/1453/files/anode-smart-lamp-black.jpg,2,Anode Smart LED Lamp in Black,FALSE,,,https://cdn.shopify.com/s/files/1/0726/9194/1453/files/anode-smart-lamp-black.jpg,kg,,37.38,active,Desk
anode-smart-lamp,Anode Smart LED Lamp,"<p>Wi-Fi enabled smart lamp with millions of colors, music sync, scheduling, and voice control via major smart home assistants.</p>",Anode Studio,,Home,"smart,led,colorful,homekit",TRUE,Color,Blue,,,,,ANODE-SMART-LAMP-BLU,shopify,61,deny,manual,89.00,,TRUE,TRUE,,https://cdn.shopify.com/s/files/1/0726/9194/1453/files/anode-smart-lamp-blue.jpg,3,Anode Smart LED Lamp in Blue,FALSE,,,https://cdn.shopify.com/s/files/1/0726/9194/1453/files/anode-smart-lamp-blue.jpg,kg,,37.38,active,Desk
anode-case,Anode Phone Case,"<p>Magnetic wireless compatible phone case with military-grade drop protection, anti-scratch coating, and slim profile. Supports wireless charging.</p>",Anode Studio,,Accessories,"case,phone,protective,bestseller",TRUE,Color,Clear,,,,,ANODE-CASE-CLR,shopify,61,deny,manual,49.00,,TRUE,TRUE,,https://cdn.shopify.com/s/files/1/0726/9194/1453/files/anode-case-clear.jpg,1,Anode Phone Case in Clear,FALSE,,,https://cdn.shopify.com/s/files/1/0726/9194/1453/files/anode-case-clear.jpg,kg,,20.58,active,Phone
anode-case,Anode Phone Case,"<p>Magnetic wireless compatible phone case with military-grade drop protection, anti-scratch coating, and slim profile. Supports wireless charging.</p>",Anode Studio,,Accessories,"case,phone,protective,bestseller",TRUE,Color,Black,,,,,ANODE-CASE-BLK,shopify,0,deny,manual,49.00,,TRUE,TRUE,,https://cdn.shopify.com/s/files/1/0726/9194/1453/files/anode-case-black.jpg,2,Anode Phone Case in Black,FALSE,,,https://cdn.shopify.com/s/files/1/0726/9194/1453/files/anode-case-black.jpg,kg,,20.58,active,Phone
anode-case,Anode Phone Case,"<p>Magnetic wireless compatible phone case with military-grade drop protection, anti-scratch coating, and slim profile. Supports wireless charging.</p>",Anode Studio,,Accessories,"case,phone,protective,bestseller",TRUE,Color,Blue,,,,,ANODE-CASE-BLU,shopify,5,deny,manual,49.00,,TRUE,TRUE,,https://cdn.shopify.com/s/files/1/0726/9194/1453/files/anode-case-blue.jpg,3,Anode Phone Case in Blue,FALSE,,,https://cdn.shopify.com/s/files/1/0726/9194/1453/files/anode-case-blue.jpg,kg,,20.58,active,Phone
anode-wireless-charger,Anode Wireless Charging Pad,"<p>15W fast wireless charging pad with intelligent temperature control, foreign object detection, and non-slip surface.</p>",Anode Studio,,Accessories,"charger,wireless,fast-charging,bestseller",TRUE,Color,Silver,,,,,ANODE-WIRELESS-CHARGER-SLV,shopify,27,deny,manual,39.00,,TRUE,TRUE,,https://cdn.shopify.com/s/files/1/0726/9194/1453/files/anode-wireless-charger-silver.jpg,1,Anode Wireless Charging Pad in Silver,FALSE,,,https://cdn.shopify.com/s/files/1/0726/9194/1453/files/anode-wireless-charger-silver.jpg,kg,,16.38,active,Phone
anode-wireless-charger,Anode Wireless Charging Pad,"<p>15W fast wireless charging pad with intelligent temperature control, foreign object detection, and non-slip surface.</p>",Anode Studio,,Accessories,"charger,wireless,fast-charging,bestseller",TRUE,Color,Black,,,,,ANODE-WIRELESS-CHARGER-BLK,shopify,3,deny,manual,39.00,,TRUE,TRUE,,https://cdn.shopify.com/s/files/1/0726/9194/1453/files/anode-wireless-charger-black.jpg,2,Anode Wireless Charging Pad in Black,FALSE,,,https://cdn.shopify.com/s/files/1/0726/9194/1453/files/anode-wireless-charger-black.jpg,kg,,16.38,active,Phone
anode-wireless-charger,Anode Wireless Charging Pad,"<p>15W fast wireless charging pad with intelligent temperature control, foreign object detection, and non-slip surface.</p>",Anode Studio,,Accessories,"charger,wireless,fast-charging,bestseller",TRUE,Color,Blue,,,,,ANODE-WIRELESS-CHARGER-BLU,shopify,0,deny,manual,39.00,,TRUE,TRUE,,https://cdn.shopify.com/s/files/1/0726/9194/1453/files/anode-wireless-charger-blue.jpg,3,Anode Wireless Charging Pad in Blue,FALSE,,,https://cdn.shopify.com/s/files/1/0726/9194/1453/files/anode-wireless-charger-blue.jpg,kg,,16.38,active,Phone
anode-usb-hub,Anode USB-C Hub,"<p>7-in-1 USB-C hub with HDMI 4K, 3x USB-A, SD/microSD card reader, and 100W power delivery passthrough.</p>",Anode Studio,,Accessories,"usb,hub,adapter",TRUE,Color,Graphite,,,,,ANODE-USB-HUB-GRP,shopify,4,deny,manual,59.00,,TRUE,TRUE,,https://cdn.shopify.com/s/files/1/0726/9194/1453/files/anode-usb-hub-graphite.jpg,1,Anode USB-C Hub in Graphite,FALSE,,,https://cdn.shopify.com/s/files/1/0726/9194/1453/files/anode-usb-hub-graphite.jpg,kg,,24.78,active,Desk
anode-usb-hub,Anode USB-C Hub,"<p>7-in-1 USB-C hub with HDMI 4K, 3x USB-A, SD/microSD card reader, and 100W power delivery passthrough.</p>",Anode Studio,,Accessories,"usb,hub,adapter",TRUE,Color,Silver,,,,,ANODE-USB-HUB-SLV,shopify,0,deny,manual,59.00,,TRUE,TRUE,,https://cdn.shopify.com/s/files/1/0726/9194/1453/files/anode-usb-hub-silver.jpg,2,Anode USB-C Hub in Silver,FALSE,,,https://cdn.shopify.com/s/files/1/0726/9194/1453/files/anode-usb-hub-silver.jpg,kg,,24.78,active,Desk
anode-usb-hub,Anode USB-C Hub,"<p>7-in-1 USB-C hub with HDMI 4K, 3x USB-A, SD/microSD card reader, and 100W power delivery passthrough.</p>",Anode Studio,,Accessories,"usb,hub,adapter",TRUE,Color,Blue,,,,,ANODE-USB-HUB-BLU,shopify,73,deny,manual,59.00,,TRUE,TRUE,,https://cdn.shopify.com/s/files/1/0726/9194/1453/files/anode-usb-hub-blue.jpg,3,Anode USB-C Hub in Blue,FALSE,,,https://cdn.shopify.com/s/files/1/0726/9194/1453/files/anode-usb-hub-blue.jpg,kg,,24.78,active,Desk
anode-laptop-sleeve,Anode Laptop Sleeve,<p>Envelope-style laptop sleeve in premium felt with soft microfiber lining. Fits 13-16 inch notebooks.</p>,Anode Studio,,Accessories,"laptop,sleeve,case",TRUE,Color,Graphite,,,,,ANODE-LAPTOP-SLEEVE-GRP,shopify,0,deny,manual,59.00,,TRUE,TRUE,,https://cdn.shopify.com/s/files/1/0726/9194/1453/files/anode-laptop-sleeve-graphite.jpg,1,Anode Laptop Sleeve in Graphite,FALSE,,,https://cdn.shopify.com/s/files/1/0726/9194/1453/files/anode-laptop-sleeve-graphite.jpg,kg,,24.78,active,Pad
anode-laptop-sleeve,Anode Laptop Sleeve,<p>Envelope-style laptop sleeve in premium felt with soft microfiber lining. Fits 13-16 inch notebooks.</p>,Anode Studio,,Accessories,"laptop,sleeve,case",TRUE,Color,Black,,,,,ANODE-LAPTOP-SLEEVE-BLK,shopify,5,deny,manual,59.00,,TRUE,TRUE,,https://cdn.shopify.com/s/files/1/0726/9194/1453/files/anode-laptop-sleeve-black.jpg,2,Anode Laptop Sleeve in Black,FALSE,,,https://cdn.shopify.com/s/files/1/0726/9194/1453/files/anode-laptop-sleeve-black.jpg,kg,,24.78,active,Pad
anode-laptop-sleeve,Anode Laptop Sleeve,<p>Envelope-style laptop sleeve in premium felt with soft microfiber lining. Fits 13-16 inch notebooks.</p>,Anode Studio,,Accessories,"laptop,sleeve,case",TRUE,Color,Blue,,,,,ANODE-LAPTOP-SLEEVE-BLU,shopify,54,deny,manual,59.00,,TRUE,TRUE,,https://cdn.shopify.com/s/files/1/0726/9194/1453/files/anode-laptop-sleeve-blue.jpg,3,Anode Laptop Sleeve in Blue,FALSE,,,https://cdn.shopify.com/s/files/1/0726/9194/1453/files/anode-laptop-sleeve-blue.jpg,kg,,24.78,active,Pad
anode-tumbler,Anode Insulated Tumbler,"<p>Double-wall vacuum insulated tumbler keeps drinks cold for 24 hours or hot for 12 hours. BPA-free, dishwasher safe, 500ml capacity.</p>",Anode Studio,,Home,"tumbler,water-bottle,insulated,travel",TRUE,Color,Silver,,,,,ANODE-TUMBLER-SLV,shopify,0,deny,manual,35.00,,TRUE,TRUE,,https://cdn.shopify.com/s/files/1/0726/9194/1453/files/anode-tumbler-silver.jpg,1,Anode Insulated Tumbler in Silver,FALSE,,,https://cdn.shopify.com/s/files/1/0726/9194/1453/files/anode-tumbler-silver.jpg,kg,,14.70,active,Listen & Home
anode-tumbler,Anode Insulated Tumbler,"<p>Double-wall vacuum insulated tumbler keeps drinks cold for 24 hours or hot for 12 hours. BPA-free, dishwasher safe, 500ml capacity.</p>",Anode Studio,,Home,"tumbler,water-bottle,insulated,travel",TRUE,Color,Black,,,,,ANODE-TUMBLER-BLK,shopify,73,deny,manual,35.00,,TRUE,TRUE,,https://cdn.shopify.com/s/files/1/0726/9194/1453/files/anode-tumbler-black.jpg,2,Anode Insulated Tumbler in Black,FALSE,,,https://cdn.shopify.com/s/files/1/0726/9194/1453/files/anode-tumbler-black.jpg,kg,,14.70,active,Listen & Home
anode-tumbler,Anode Insulated Tumbler,"<p>Double-wall vacuum insulated tumbler keeps drinks cold for 24 hours or hot for 12 hours. BPA-free, dishwasher safe, 500ml capacity.</p>",Anode Studio,,Home,"tumbler,water-bottle,insulated,travel",TRUE,Color,Blue,,,,,ANODE-TUMBLER-BLU,shopify,5,deny,manual,35.00,,TRUE,TRUE,,https://cdn.shopify.com/s/files/1/0726/9194/1453/files/anode-tumbler-blue.jpg,3,Anode Insulated Tumbler in Blue,FALSE,,,https://cdn.shopify.com/s/files/1/0726/9194/1453/files/anode-tumbler-blue.jpg,kg,,14.70,active,Listen & Home
anode-keyboard,Anode Bluetooth Keyboard,"<p>Slim wireless Bluetooth keyboard with low-profile scissor switches, multi-device pairing, and 6-month battery life.</p>",Anode Studio,,Electronics,"keyboard,bluetooth,wireless,compact,bestseller",TRUE,Color,Silver,,,,,ANODE-KEYBOARD-SLV,shopify,3,deny,manual,79.00,,TRUE,TRUE,,https://cdn.shopify.com/s/files/1/0726/9194/1453/files/anode-keyboard-silver.jpg,1,Anode Bluetooth Keyboard in Silver,FALSE,,,https://cdn.shopify.com/s/files/1/0726/9194/1453/files/anode-keyboard-silver.jpg,kg,,33.18,active,Desk
anode-keyboard,Anode Bluetooth Keyboard,"<p>Slim wireless Bluetooth keyboard with low-profile scissor switches, multi-device pairing, and 6-month battery life.</p>",Anode Studio,,Electronics,"keyboard,bluetooth,wireless,compact,bestseller",TRUE,Color,Black,,,,,ANODE-KEYBOARD-BLK,shopify,0,deny,manual,79.00,,TRUE,TRUE,,https://cdn.shopify.com/s/files/1/0726/9194/1453/files/anode-keyboard-black.jpg,2,Anode Bluetooth Keyboard in Black,FALSE,,,https://cdn.shopify.com/s/files/1/0726/9194/1453/files/anode-keyboard-black.jpg,kg,,33.18,active,Desk
anode-keyboard,Anode Bluetooth Keyboard,"<p>Slim wireless Bluetooth keyboard with low-profile scissor switches, multi-device pairing, and 6-month battery life.</p>",Anode Studio,,Electronics,"keyboard,bluetooth,wireless,compact,bestseller",TRUE,Color,Blue,,,,,ANODE-KEYBOARD-BLU,shopify,60,deny,manual,79.00,,TRUE,TRUE,,https://cdn.shopify.com/s/files/1/0726/9194/1453/files/anode-keyboard-blue.jpg,3,Anode Bluetooth Keyboard in Blue,FALSE,,,https://cdn.shopify.com/s/files/1/0726/9194/1453/files/anode-keyboard-blue.jpg,kg,,33.18,active,Desk
anode-phone-13,Anode Phone 13,"<p>A 6.1-inch OLED phone with a dual camera system, 5G, and an 18-hour battery. Aluminium frame with a matte glass back.</p>",Anode Studio,,Phones,"phone,5g,oled,dual-camera",TRUE,Storage,128GB,,,,,ANODE-PHONE-13-128GB,shopify,37,deny,manual,599.00,,TRUE,TRUE,,https://cdn.shopify.com/s/files/1/0726/9194/1453/files/anode-phone-13.jpg,1,Anode Phone 13,FALSE,,,https://cdn.shopify.com/s/files/1/0726/9194/1453/files/anode-phone-13.jpg,kg,,371.38,active,Phone
anode-phone-13,Anode Phone 13,"<p>A 6.1-inch OLED phone with a dual camera system, 5G, and an 18-hour battery. Aluminium frame with a matte glass back.</p>",Anode Studio,,Phones,"phone,5g,oled,dual-camera",TRUE,Storage,256GB,,,,,ANODE-PHONE-13-256GB,shopify,4,deny,manual,679.00,,TRUE,TRUE,,,,,FALSE,,,,kg,,420.98,active,Phone
anode-phone-13,Anode Phone 13,"<p>A 6.1-inch OLED phone with a dual camera system, 5G, and an 18-hour battery. Aluminium frame with a matte glass back.</p>",Anode Studio,,Phones,"phone,5g,oled,dual-camera",TRUE,Storage,512GB,,,,,ANODE-PHONE-13-512GB,shopify,0,deny,manual,829.00,,TRUE,TRUE,,,,,FALSE,,,,kg,,513.98,active,Phone
anode-phone-14,Anode Phone 14,"<p>A 6.1-inch OLED phone with a brighter display, crash detection, and a 20-hour battery. IP68 rated.</p>",Anode Studio,,Phones,"phone,5g,oled,dual-camera",TRUE,Storage,128GB,,,,,ANODE-PHONE-14-128GB,shopify,0,deny,manual,699.00,,TRUE,TRUE,,https://cdn.shopify.com/s/files/1/0726/9194/1453/files/anode-phone-14.jpg,1,Anode Phone 14,FALSE,,,https://cdn.shopify.com/s/files/1/0726/9194/1453/files/anode-phone-14.jpg,kg,,433.38,active,Phone
anode-phone-14,Anode Phone 14,"<p>A 6.1-inch OLED phone with a brighter display, crash detection, and a 20-hour battery. IP68 rated.</p>",Anode Studio,,Phones,"phone,5g,oled,dual-camera",TRUE,Storage,256GB,,,,,ANODE-PHONE-14-256GB,shopify,3,deny,manual,799.00,,TRUE,TRUE,,,,,FALSE,,,,kg,,495.38,active,Phone
anode-phone-14,Anode Phone 14,"<p>A 6.1-inch OLED phone with a brighter display, crash detection, and a 20-hour battery. IP68 rated.</p>",Anode Studio,,Phones,"phone,5g,oled,dual-camera",TRUE,Storage,512GB,,,,,ANODE-PHONE-14-512GB,shopify,26,deny,manual,949.00,,TRUE,TRUE,,,,,FALSE,,,,kg,,588.38,active,Phone
anode-phone-15,Anode Phone 15,"<p>A 6.1-inch phone with a 48 MP main camera, USB-C, and the Dynamic Island. Colour-infused glass back.</p>",Anode Studio,,Phones,"phone,5g,oled,usb-c",TRUE,Storage,128GB,,,,,ANODE-PHONE-15-128GB,shopify,52,deny,manual,799.00,,TRUE,TRUE,,https://cdn.shopify.com/s/files/1/0726/9194/1453/files/anode-phone-15.jpg,1,Anode Phone 15,FALSE,,,https://cdn.shopify.com/s/files/1/0726/9194/1453/files/anode-phone-15.jpg,kg,,495.38,active,Phone
anode-phone-15,Anode Phone 15,"<p>A 6.1-inch phone with a 48 MP main camera, USB-C, and the Dynamic Island. Colour-infused glass back.</p>",Anode Studio,,Phones,"phone,5g,oled,usb-c",TRUE,Storage,256GB,,,,,ANODE-PHONE-15-256GB,shopify,2,deny,manual,899.00,,TRUE,TRUE,,,,,FALSE,,,,kg,,557.38,active,Phone
anode-phone-15,Anode Phone 15,"<p>A 6.1-inch phone with a 48 MP main camera, USB-C, and the Dynamic Island. Colour-infused glass back.</p>",Anode Studio,,Phones,"phone,5g,oled,usb-c",TRUE,Storage,512GB,,,,,ANODE-PHONE-15-512GB,shopify,0,deny,manual,1099.00,,TRUE,TRUE,,,,,FALSE,,,,kg,,681.38,active,Phone
anode-phone-17,Anode Phone 17,"<p>A 6.1-inch flagship with a 120Hz adaptive display, a triple camera system, and all-day battery. Machined aluminium frame, IP68 rated.</p>",Anode Studio,,Phones,"phone,flagship,5g,oled",TRUE,Storage,128GB,,,,,ANODE-PHONE-17-128GB,shopify,24,deny,manual,999.00,,TRUE,TRUE,,https://cdn.shopify.com/s/files/1/0726/9194/1453/files/anode-phone-17.jpg,1,Anode Phone 17,FALSE,,,https://cdn.shopify.com/s/files/1/0726/9194/1453/files/anode-phone-17.jpg,kg,,619.38,active,Phone
anode-phone-17,Anode Phone 17,"<p>A 6.1-inch flagship with a 120Hz adaptive display, a triple camera system, and all-day battery. Machined aluminium frame, IP68 rated.</p>",Anode Studio,,Phones,"phone,flagship,5g,oled",TRUE,Storage,256GB,,,,,ANODE-PHONE-17-256GB,shopify,3,deny,manual,1099.00,,TRUE,TRUE,,,,,FALSE,,,,kg,,681.38,active,Phone
anode-phone-17,Anode Phone 17,"<p>A 6.1-inch flagship with a 120Hz adaptive display, a triple camera system, and all-day battery. Machined aluminium frame, IP68 rated.</p>",Anode Studio,,Phones,"phone,flagship,5g,oled",TRUE,Storage,512GB,,,,,ANODE-PHONE-17-512GB,shopify,0,deny,manual,1299.00,,TRUE,TRUE,,,,,FALSE,,,,kg,,805.38,active,Phone
anode-phone-17-pro,Anode Phone 17 Pro,"<p>A 6.1-inch pro phone with a 120Hz display, 5x telephoto, and hardware ray tracing. Machined aluminium frame.</p>",Anode Studio,,Phones,"phone,flagship,pro,5g,telephoto",TRUE,Storage,256GB,,,,,ANODE-PHONE-17-PRO-256GB,shopify,0,deny,manual,1199.00,,TRUE,TRUE,,https://cdn.shopify.com/s/files/1/0726/9194/1453/files/anode-phone-17-pro.jpg,1,Anode Phone 17 Pro,FALSE,,,https://cdn.shopify.com/s/files/1/0726/9194/1453/files/anode-phone-17-pro.jpg,kg,,743.38,active,Phone
anode-phone-17-pro,Anode Phone 17 Pro,"<p>A 6.1-inch pro phone with a 120Hz display, 5x telephoto, and hardware ray tracing. Machined aluminium frame.</p>",Anode Studio,,Phones,"phone,flagship,pro,5g,telephoto",TRUE,Storage,512GB,,,,,ANODE-PHONE-17-PRO-512GB,shopify,2,deny,manual,1399.00,,TRUE,TRUE,,,,,FALSE,,,,kg,,867.38,active,Phone
anode-phone-17-pro,Anode Phone 17 Pro,"<p>A 6.1-inch pro phone with a 120Hz display, 5x telephoto, and hardware ray tracing. Machined aluminium frame.</p>",Anode Studio,,Phones,"phone,flagship,pro,5g,telephoto",TRUE,Storage,1TB,,,,,ANODE-PHONE-17-PRO-1TB,shopify,17,deny,manual,1699.00,,TRUE,TRUE,,,,,FALSE,,,,kg,,1053.38,active,Phone
anode-phone-18,Anode Phone 18,"<p>The largest Anode phone: a 6.7-inch 120Hz display, periscope telephoto camera, and 5 000 mAh battery. Machined aluminium frame, IP68 rated.</p>",Anode Studio,,Phones,"phone,flagship,5g,bestseller",TRUE,Storage,256GB,,,,,ANODE-PHONE-18-256GB,shopify,0,deny,manual,1299.00,,TRUE,TRUE,,https://cdn.shopify.com/s/files/1/0726/9194/1453/files/anode-phone-18.jpg,1,Anode Phone 18,FALSE,,,https://cdn.shopify.com/s/files/1/0726/9194/1453/files/anode-phone-18.jpg,kg,,805.38,active,Phone
anode-phone-18,Anode Phone 18,"<p>The largest Anode phone: a 6.7-inch 120Hz display, periscope telephoto camera, and 5 000 mAh battery. Machined aluminium frame, IP68 rated.</p>",Anode Studio,,Phones,"phone,flagship,5g,bestseller",TRUE,Storage,512GB,,,,,ANODE-PHONE-18-512GB,shopify,2,deny,manual,1499.00,,TRUE,TRUE,,,,,FALSE,,,,kg,,929.38,active,Phone
anode-phone-18,Anode Phone 18,"<p>The largest Anode phone: a 6.7-inch 120Hz display, periscope telephoto camera, and 5 000 mAh battery. Machined aluminium frame, IP68 rated.</p>",Anode Studio,,Phones,"phone,flagship,5g,bestseller",TRUE,Storage,1TB,,,,,ANODE-PHONE-18-1TB,shopify,12,deny,manual,1799.00,,TRUE,TRUE,,,,,FALSE,,,,kg,,1115.38,active,Phone
anode-phone-18-plus,Anode Phone 18 Plus,"<p>A 6.7-inch phone built around battery life: 26 hours of video playback, a 48 MP main camera, and USB-C.</p>",Anode Studio,,Phones,"phone,large-screen,5g,long-battery",TRUE,Storage,256GB,,,,,ANODE-PHONE-18-PLUS-256GB,shopify,11,deny,manual,1399.00,,TRUE,TRUE,,https://cdn.shopify.com/s/files/1/0726/9194/1453/files/anode-phone-18-plus.jpg,1,Anode Phone 18 Plus,FALSE,,,https://cdn.shopify.com/s/files/1/0726/9194/1453/files/anode-phone-18-plus.jpg,kg,,867.38,active,Phone
anode-phone-18-plus,Anode Phone 18 Plus,"<p>A 6.7-inch phone built around battery life: 26 hours of video playback, a 48 MP main camera, and USB-C.</p>",Anode Studio,,Phones,"phone,large-screen,5g,long-battery",TRUE,Storage,512GB,,,,,ANODE-PHONE-18-PLUS-512GB,shopify,5,deny,manual,1599.00,,TRUE,TRUE,,,,,FALSE,,,,kg,,991.38,active,Phone
anode-phone-18-plus,Anode Phone 18 Plus,"<p>A 6.7-inch phone built around battery life: 26 hours of video playback, a 48 MP main camera, and USB-C.</p>",Anode Studio,,Phones,"phone,large-screen,5g,long-battery",TRUE,Storage,1TB,,,,,ANODE-PHONE-18-PLUS-1TB,shopify,0,deny,manual,1899.00,,TRUE,TRUE,,,,,FALSE,,,,kg,,1177.38,active,Phone
anode-phone-18-pro,Anode Phone 18 Pro,"<p>A 6.7-inch pro phone with a 120Hz mini-LED display, 5x telephoto, and 10 Gbps USB-C. Machined aluminium frame.</p>",Anode Studio,,Phones,"phone,flagship,pro,5g,telephoto,bestseller",TRUE,Storage,256GB,,,,,ANODE-PHONE-18-PRO-256GB,shopify,3,deny,manual,1499.00,,TRUE,TRUE,,https://cdn.shopify.com/s/files/1/0726/9194/1453/files/anode-phone-18-pro.jpg,1,Anode Phone 18 Pro,FALSE,,,https://cdn.shopify.com/s/files/1/0726/9194/1453/files/anode-phone-18-pro.jpg,kg,,929.38,active,Phone
anode-phone-18-pro,Anode Phone 18 Pro,"<p>A 6.7-inch pro phone with a 120Hz mini-LED display, 5x telephoto, and 10 Gbps USB-C. Machined aluminium frame.</p>",Anode Studio,,Phones,"phone,flagship,pro,5g,telephoto,bestseller",TRUE,Storage,512GB,,,,,ANODE-PHONE-18-PRO-512GB,shopify,0,deny,manual,1699.00,,TRUE,TRUE,,,,,FALSE,,,,kg,,1053.38,active,Phone
anode-phone-18-pro,Anode Phone 18 Pro,"<p>A 6.7-inch pro phone with a 120Hz mini-LED display, 5x telephoto, and 10 Gbps USB-C. Machined aluminium frame.</p>",Anode Studio,,Phones,"phone,flagship,pro,5g,telephoto,bestseller",TRUE,Storage,1TB,,,,,ANODE-PHONE-18-PRO-1TB,shopify,8,deny,manual,1999.00,,TRUE,TRUE,,,,,FALSE,,,,kg,,1239.38,active,Phone
anode-phone-lite,Anode Phone Lite,"<p>A compact 4.7-inch phone that keeps the essentials &mdash; home button, single rear camera, and 18-hour battery. The lightest device in the line at 144 g.</p>",Anode Studio,,Phones,"phone,compact,value",TRUE,Storage,64GB,,,,,ANODE-PHONE-LITE-64GB,shopify,58,deny,manual,429.00,,TRUE,TRUE,,https://cdn.shopify.com/s/files/1/0726/9194/1453/files/anode-phone-lite.jpg,1,Anode Phone Lite,FALSE,,,https://cdn.shopify.com/s/files/1/0726/9194/1453/files/anode-phone-lite.jpg,kg,,265.98,active,Phone
anode-phone-lite,Anode Phone Lite,"<p>A compact 4.7-inch phone that keeps the essentials &mdash; home button, single rear camera, and 18-hour battery. The lightest device in the line at 144 g.</p>",Anode Studio,,Phones,"phone,compact,value",TRUE,Storage,128GB,,,,,ANODE-PHONE-LITE-128GB,shopify,5,deny,manual,479.00,,TRUE,TRUE,,,,,FALSE,,,,kg,,296.98,active,Phone
anode-phone-lite,Anode Phone Lite,"<p>A compact 4.7-inch phone that keeps the essentials &mdash; home button, single rear camera, and 18-hour battery. The lightest device in the line at 144 g.</p>",Anode Studio,,Phones,"phone,compact,value",TRUE,Storage,256GB,,,,,ANODE-PHONE-LITE-256GB,shopify,0,deny,manual,549.00,,TRUE,TRUE,,,,,FALSE,,,,kg,,340.38,active,Phone
anode-slate-10,Anode Slate 10,"<p>A 10.9-inch tablet with a 60Hz laminated display, USB-C, and a 12-hour battery. Supports the Anode Pencil.</p>",Anode Studio,,Tablets,"tablet,pad,value,usb-c",TRUE,Storage,64GB,,,,,ANODE-SLATE-10-64GB,shopify,44,deny,manual,449.00,,TRUE,TRUE,,https://cdn.shopify.com/s/files/1/0726/9194/1453/files/anode-slate-10.jpg,1,Anode Slate 10,FALSE,,,https://cdn.shopify.com/s/files/1/0726/9194/1453/files/anode-slate-10.jpg,kg,,278.38,active,Pad
anode-slate-10,Anode Slate 10,"<p>A 10.9-inch tablet with a 60Hz laminated display, USB-C, and a 12-hour battery. Supports the Anode Pencil.</p>",Anode Studio,,Tablets,"tablet,pad,value,usb-c",TRUE,Storage,128GB,,,,,ANODE-SLATE-10-128GB,shopify,3,deny,manual,529.00,,TRUE,TRUE,,,,,FALSE,,,,kg,,327.98,active,Pad
anode-slate-10,Anode Slate 10,"<p>A 10.9-inch tablet with a 60Hz laminated display, USB-C, and a 12-hour battery. Supports the Anode Pencil.</p>",Anode Studio,,Tablets,"tablet,pad,value,usb-c",TRUE,Storage,256GB,,,,,ANODE-SLATE-10-256GB,shopify,0,deny,manual,649.00,,TRUE,TRUE,,,,,FALSE,,,,kg,,402.38,active,Pad
anode-slate-mini,Anode Slate Mini,"<p>An 8.3-inch tablet that fits one hand. 120Hz display, stylus support, and 293 g with an aluminium enclosure.</p>",Anode Studio,,Tablets,"tablet,pad,compact,stylus",TRUE,Storage,128GB,,,,,ANODE-SLATE-MINI-128GB,shopify,0,deny,manual,599.00,,TRUE,TRUE,,https://cdn.shopify.com/s/files/1/0726/9194/1453/files/anode-slate-mini.jpg,1,Anode Slate Mini,FALSE,,,https://cdn.shopify.com/s/files/1/0726/9194/1453/files/anode-slate-mini.jpg,kg,,371.38,active,Pad
anode-slate-mini,Anode Slate Mini,"<p>An 8.3-inch tablet that fits one hand. 120Hz display, stylus support, and 293 g with an aluminium enclosure.</p>",Anode Studio,,Tablets,"tablet,pad,compact,stylus",TRUE,Storage,256GB,,,,,ANODE-SLATE-MINI-256GB,shopify,4,deny,manual,699.00,,TRUE,TRUE,,,,,FALSE,,,,kg,,433.38,active,Pad
anode-slate-mini,Anode Slate Mini,"<p>An 8.3-inch tablet that fits one hand. 120Hz display, stylus support, and 293 g with an aluminium enclosure.</p>",Anode Studio,,Tablets,"tablet,pad,compact,stylus",TRUE,Storage,512GB,,,,,ANODE-SLATE-MINI-512GB,shopify,19,deny,manual,899.00,,TRUE,TRUE,,,,,FALSE,,,,kg,,557.38,active,Pad
anode-slate-air,Anode Slate Air,"<p>A 10.9-inch tablet at 461 g with a 120Hz display, stylus support, and 10-hour battery.</p>",Anode Studio,,Tablets,"tablet,pad,thin,stylus",TRUE,Storage,128GB,,,,,ANODE-SLATE-AIR-128GB,shopify,21,deny,manual,749.00,,TRUE,TRUE,,https://cdn.shopify.com/s/files/1/0726/9194/1453/files/anode-slate-air.jpg,1,Anode Slate Air,FALSE,,,https://cdn.shopify.com/s/files/1/0726/9194/1453/files/anode-slate-air.jpg,kg,,464.38,active,Pad
anode-slate-air,Anode Slate Air,"<p>A 10.9-inch tablet at 461 g with a 120Hz display, stylus support, and 10-hour battery.</p>",Anode Studio,,Tablets,"tablet,pad,thin,stylus",TRUE,Storage,256GB,,,,,ANODE-SLATE-AIR-256GB,shopify,2,deny,manual,849.00,,TRUE,TRUE,,,,,FALSE,,,,kg,,526.38,active,Pad
anode-slate-air,Anode Slate Air,"<p>A 10.9-inch tablet at 461 g with a 120Hz display, stylus support, and 10-hour battery.</p>",Anode Studio,,Tablets,"tablet,pad,thin,stylus",TRUE,Storage,512GB,,,,,ANODE-SLATE-AIR-512GB,shopify,0,deny,manual,1049.00,,TRUE,TRUE,,,,,FALSE,,,,kg,,650.38,active,Pad
anode-slate-11,Anode Slate 11,"<p>An 11-inch laminated display tablet with 120Hz refresh, stylus support, and USB-C. 10-hour battery in a 466 g aluminium body.</p>",Anode Studio,,Tablets,"tablet,pad,stylus,120hz",TRUE,Storage,128GB,,,,,ANODE-SLATE-11-128GB,shopify,31,deny,manual,899.00,,TRUE,TRUE,,https://cdn.shopify.com/s/files/1/0726/9194/1453/files/anode-slate-11.jpg,1,Anode Slate 11,FALSE,,,https://cdn.shopify.com/s/files/1/0726/9194/1453/files/anode-slate-11.jpg,kg,,557.38,active,Pad
anode-slate-11,Anode Slate 11,"<p>An 11-inch laminated display tablet with 120Hz refresh, stylus support, and USB-C. 10-hour battery in a 466 g aluminium body.</p>",Anode Studio,,Tablets,"tablet,pad,stylus,120hz",TRUE,Storage,256GB,,,,,ANODE-SLATE-11-256GB,shopify,0,deny,manual,999.00,,TRUE,TRUE,,,,,FALSE,,,,kg,,619.38,active,Pad
anode-slate-11,Anode Slate 11,"<p>An 11-inch laminated display tablet with 120Hz refresh, stylus support, and USB-C. 10-hour battery in a 466 g aluminium body.</p>",Anode Studio,,Tablets,"tablet,pad,stylus,120hz",TRUE,Storage,512GB,,,,,ANODE-SLATE-11-512GB,shopify,4,deny,manual,1199.00,,TRUE,TRUE,,,,,FALSE,,,,kg,,743.38,active,Pad
anode-slate-13,Anode Slate 13,"<p>A 12.9-inch mini-LED tablet built for drawing and editing. 1 000 000:1 contrast, stylus and keyboard support, USB-C with 40 Gbps data.</p>",Anode Studio,,Tablets,"tablet,pad,large-screen,stylus,miniled",TRUE,Storage,128GB,,,,,ANODE-SLATE-13-128GB,shopify,2,deny,manual,1099.00,,TRUE,TRUE,,https://cdn.shopify.com/s/files/1/0726/9194/1453/files/anode-slate-13.jpg,1,Anode Slate 13,FALSE,,,https://cdn.shopify.com/s/files/1/0726/9194/1453/files/anode-slate-13.jpg,kg,,681.38,active,Pad
anode-slate-13,Anode Slate 13,"<p>A 12.9-inch mini-LED tablet built for drawing and editing. 1 000 000:1 contrast, stylus and keyboard support, USB-C with 40 Gbps data.</p>",Anode Studio,,Tablets,"tablet,pad,large-screen,stylus,miniled",TRUE,Storage,256GB,,,,,ANODE-SLATE-13-256GB,shopify,18,deny,manual,1199.00,,TRUE,TRUE,,,,,FALSE,,,,kg,,743.38,active,Pad
anode-slate-13,Anode Slate 13,"<p>A 12.9-inch mini-LED tablet built for drawing and editing. 1 000 000:1 contrast, stylus and keyboard support, USB-C with 40 Gbps data.</p>",Anode Studio,,Tablets,"tablet,pad,large-screen,stylus,miniled",TRUE,Storage,512GB,,,,,ANODE-SLATE-13-512GB,shopify,0,deny,manual,1399.00,,TRUE,TRUE,,,,,FALSE,,,,kg,,867.38,active,Pad
anode-book-13,Anode Book 13,"<p>A 13-inch fanless notebook with an 18-hour battery and a 2.8K display. 1.24 kg, no moving parts, silent under load.</p>",Anode Studio,,Computers,"laptop,notebook,portable,fanless",TRUE,Storage,256GB,,,,,ANODE-BOOK-13-256GB,shopify,14,deny,manual,1099.00,,TRUE,TRUE,,https://cdn.shopify.com/s/files/1/0726/9194/1453/files/anode-book-13.jpg,1,Anode Book 13,FALSE,,,https://cdn.shopify.com/s/files/1/0726/9194/1453/files/anode-book-13.jpg,kg,,681.38,active,Desk
anode-book-13,Anode Book 13,"<p>A 13-inch fanless notebook with an 18-hour battery and a 2.8K display. 1.24 kg, no moving parts, silent under load.</p>",Anode Studio,,Computers,"laptop,notebook,portable,fanless",TRUE,Storage,512GB,,,,,ANODE-BOOK-13-512GB,shopify,0,deny,manual,1299.00,,TRUE,TRUE,,,,,FALSE,,,,kg,,805.38,active,Desk
anode-book-13,Anode Book 13,"<p>A 13-inch fanless notebook with an 18-hour battery and a 2.8K display. 1.24 kg, no moving parts, silent under load.</p>",Anode Studio,,Computers,"laptop,notebook,portable,fanless",TRUE,Storage,1TB,,,,,ANODE-BOOK-13-1TB,shopify,3,deny,manual,1599.00,,TRUE,TRUE,,,,,FALSE,,,,kg,,991.38,active,Desk
anode-book-15,Anode Book 15,"<p>A 15-inch notebook with a 2.8K display, six-speaker array, and 18-hour battery. 1.51 kg in a machined aluminium unibody.</p>",Anode Studio,,Computers,"laptop,notebook,portable,six-speaker",TRUE,Storage,256GB,,,,,ANODE-BOOK-15-256GB,shopify,0,deny,manual,1299.00,,TRUE,TRUE,,https://cdn.shopify.com/s/files/1/0726/9194/1453/files/anode-book-15.jpg,1,Anode Book 15,FALSE,,,https://cdn.shopify.com/s/files/1/0726/9194/1453/files/anode-book-15.jpg,kg,,805.38,active,Desk
anode-book-15,Anode Book 15,"<p>A 15-inch notebook with a 2.8K display, six-speaker array, and 18-hour battery. 1.51 kg in a machined aluminium unibody.</p>",Anode Studio,,Computers,"laptop,notebook,portable,six-speaker",TRUE,Storage,512GB,,,,,ANODE-BOOK-15-512GB,shopify,22,deny,manual,1499.00,,TRUE,TRUE,,,,,FALSE,,,,kg,,929.38,active,Desk
anode-book-15,Anode Book 15,"<p>A 15-inch notebook with a 2.8K display, six-speaker array, and 18-hour battery. 1.51 kg in a machined aluminium unibody.</p>",Anode Studio,,Computers,"laptop,notebook,portable,six-speaker",TRUE,Storage,1TB,,,,,ANODE-BOOK-15-1TB,shopify,1,deny,manual,1799.00,,TRUE,TRUE,,,,,FALSE,,,,kg,,1115.38,active,Desk
anode-book-pro-14,Anode Book Pro 14,"<p>A 14-inch workstation notebook with a 120Hz mini-LED display, active cooling, and three USB-C ports. 1.55 kg.</p>",Anode Studio,,Computers,"laptop,workstation,pro,miniled",TRUE,Storage,512GB,,,,,ANODE-BOOK-PRO-14-512GB,shopify,6,deny,manual,1999.00,,TRUE,TRUE,,https://cdn.shopify.com/s/files/1/0726/9194/1453/files/anode-book-pro-14.jpg,1,Anode Book Pro 14,FALSE,,,https://cdn.shopify.com/s/files/1/0726/9194/1453/files/anode-book-pro-14.jpg,kg,,1239.38,active,Desk
anode-book-pro-14,Anode Book Pro 14,"<p>A 14-inch workstation notebook with a 120Hz mini-LED display, active cooling, and three USB-C ports. 1.55 kg.</p>",Anode Studio,,Computers,"laptop,workstation,pro,miniled",TRUE,Storage,1TB,,,,,ANODE-BOOK-PRO-14-1TB,shopify,0,deny,manual,2299.00,,TRUE,TRUE,,,,,FALSE,,,,kg,,1425.38,active,Desk
anode-book-pro-14,Anode Book Pro 14,"<p>A 14-inch workstation notebook with a 120Hz mini-LED display, active cooling, and three USB-C ports. 1.55 kg.</p>",Anode Studio,,Computers,"laptop,workstation,pro,miniled",TRUE,Storage,2TB,,,,,ANODE-BOOK-PRO-14-2TB,shopify,4,deny,manual,2799.00,,TRUE,TRUE,,,,,FALSE,,,,kg,,1735.38,active,Desk
anode-book-pro-16,Anode Book Pro 16,"<p>A 16-inch workstation notebook with a 120Hz mini-LED display, active cooling, and up to 22 hours of video playback. Three USB-C ports and HDMI.</p>",Anode Studio,,Computers,"laptop,workstation,pro,miniled,bestseller",TRUE,Storage,512GB,,,,,ANODE-BOOK-PRO-16-512GB,shopify,5,deny,manual,2499.00,,TRUE,TRUE,,https://cdn.shopify.com/s/files/1/0726/9194/1453/files/anode-book-pro-16.jpg,1,Anode Book Pro 16,FALSE,,,https://cdn.shopify.com/s/files/1/0726/9194/1453/files/anode-book-pro-16.jpg,kg,,1549.38,active,Desk
anode-book-pro-16,Anode Book Pro 16,"<p>A 16-inch workstation notebook with a 120Hz mini-LED display, active cooling, and up to 22 hours of video playback. Three USB-C ports and HDMI.</p>",Anode Studio,,Computers,"laptop,workstation,pro,miniled,bestseller",TRUE,Storage,1TB,,,,,ANODE-BOOK-PRO-16-1TB,shopify,0,deny,manual,2899.00,,TRUE,TRUE,,,,,FALSE,,,,kg,,1797.38,active,Desk
anode-book-pro-16,Anode Book Pro 16,"<p>A 16-inch workstation notebook with a 120Hz mini-LED display, active cooling, and up to 22 hours of video playback. Three USB-C ports and HDMI.</p>",Anode Studio,,Computers,"laptop,workstation,pro,miniled,bestseller",TRUE,Storage,2TB,,,,,ANODE-BOOK-PRO-16-2TB,shopify,9,deny,manual,3499.00,,TRUE,TRUE,,,,,FALSE,,,,kg,,2169.38,active,Desk
anode-mini,Anode Mini,"<p>A 1.2 kg desktop with the same silicon as the Anode Book, five USB ports, and 10 Gigabit Ethernet. Small enough to sit under a display stand.</p>",Anode Studio,,Computers,"desktop,mini,compact,10gbe",TRUE,Storage,512GB,,,,,ANODE-MINI-512GB,shopify,41,deny,manual,599.00,,TRUE,TRUE,,https://cdn.shopify.com/s/files/1/0726/9194/1453/files/anode-mini.jpg,1,Anode Mini,FALSE,,,https://cdn.shopify.com/s/files/1/0726/9194/1453/files/anode-mini.jpg,kg,,371.38,active,Desk
anode-mini,Anode Mini,"<p>A 1.2 kg desktop with the same silicon as the Anode Book, five USB ports, and 10 Gigabit Ethernet. Small enough to sit under a display stand.</p>",Anode Studio,,Computers,"desktop,mini,compact,10gbe",TRUE,Storage,1TB,,,,,ANODE-MINI-1TB,shopify,4,deny,manual,799.00,,TRUE,TRUE,,,,,FALSE,,,,kg,,495.38,active,Desk
anode-mini,Anode Mini,"<p>A 1.2 kg desktop with the same silicon as the Anode Book, five USB ports, and 10 Gigabit Ethernet. Small enough to sit under a display stand.</p>",Anode Studio,,Computers,"desktop,mini,compact,10gbe",TRUE,Storage,2TB,,,,,ANODE-MINI-2TB,shopify,0,deny,manual,1099.00,,TRUE,TRUE,,,,,FALSE,,,,kg,,681.38,active,Desk
anode-studio,Anode Studio,"<p>A compact workstation desktop with a 3.7 kg aluminium chassis, six USB-C ports, and near-silent cooling under sustained load.</p>",Anode Studio,,Computers,"desktop,workstation,quiet,expandable",TRUE,Storage,1TB,,,,,ANODE-STUDIO-1TB,shopify,0,deny,manual,1999.00,,TRUE,TRUE,,https://cdn.shopify.com/s/files/1/0726/9194/1453/files/anode-studio.jpg,1,Anode Studio,FALSE,,,https://cdn.shopify.com/s/files/1/0726/9194/1453/files/anode-studio.jpg,kg,,1239.38,active,Desk
anode-studio,Anode Studio,"<p>A compact workstation desktop with a 3.7 kg aluminium chassis, six USB-C ports, and near-silent cooling under sustained load.</p>",Anode Studio,,Computers,"desktop,workstation,quiet,expandable",TRUE,Storage,2TB,,,,,ANODE-STUDIO-2TB,shopify,3,deny,manual,2399.00,,TRUE,TRUE,,,,,FALSE,,,,kg,,1487.38,active,Desk
anode-studio,Anode Studio,"<p>A compact workstation desktop with a 3.7 kg aluminium chassis, six USB-C ports, and near-silent cooling under sustained load.</p>",Anode Studio,,Computers,"desktop,workstation,quiet,expandable",TRUE,Storage,4TB,,,,,ANODE-STUDIO-4TB,shopify,15,deny,manual,2999.00,,TRUE,TRUE,,,,,FALSE,,,,kg,,1859.38,active,Desk
anode-tower,Anode Tower,"<p>A workstation tower with 8 performance cores, 32 GB unified memory, and seven expansion slots. Built for sustained render and compile loads.</p>",Anode Studio,,Computers,"desktop,workstation,tower,expandable",TRUE,Storage,1TB,,,,,ANODE-TOWER-1TB,shopify,0,deny,manual,2999.00,,TRUE,TRUE,,https://cdn.shopify.com/s/files/1/0726/9194/1453/files/anode-tower.jpg,1,Anode Tower,FALSE,,,https://cdn.shopify.com/s/files/1/0726/9194/1453/files/anode-tower.jpg,kg,,1859.38,active,Desk
anode-tower,Anode Tower,"<p>A workstation tower with 8 performance cores, 32 GB unified memory, and seven expansion slots. Built for sustained render and compile loads.</p>",Anode Studio,,Computers,"desktop,workstation,tower,expandable",TRUE,Storage,2TB,,,,,ANODE-TOWER-2TB,shopify,2,deny,manual,3599.00,,TRUE,TRUE,,,,,FALSE,,,,kg,,2231.38,active,Desk
anode-tower,Anode Tower,"<p>A workstation tower with 8 performance cores, 32 GB unified memory, and seven expansion slots. Built for sustained render and compile loads.</p>",Anode Studio,,Computers,"desktop,workstation,tower,expandable",TRUE,Storage,4TB,,,,,ANODE-TOWER-4TB,shopify,7,deny,manual,4299.00,,TRUE,TRUE,,,,,FALSE,,,,kg,,2665.38,active,Desk
anode-all-in-one-24,Anode All-in-One 24,"<p>A 24-inch all-in-one with a 4.5K display, six-speaker system, and a 1080p camera. 11.5 mm thin, in five finishes.</p>",Anode Studio,,Computers,"desktop,all-in-one,4.5k,display",TRUE,Storage,512GB,,,,,ANODE-ALL-IN-ONE-24-512GB,shopify,9,deny,manual,1299.00,,TRUE,TRUE,,https://cdn.shopify.com/s/files/1/0726/9194/1453/files/anode-all-in-one-24.jpg,1,Anode All-in-One 24,FALSE,,,https://cdn.shopify.com/s/files/1/0726/9194/1453/files/anode-all-in-one-24.jpg,kg,,805.38,active,Desk
anode-all-in-one-24,Anode All-in-One 24,"<p>A 24-inch all-in-one with a 4.5K display, six-speaker system, and a 1080p camera. 11.5 mm thin, in five finishes.</p>",Anode Studio,,Computers,"desktop,all-in-one,4.5k,display",TRUE,Storage,1TB,,,,,ANODE-ALL-IN-ONE-24-1TB,shopify,1,deny,manual,1499.00,,TRUE,TRUE,,,,,FALSE,,,,kg,,929.38,active,Desk
anode-all-in-one-24,Anode All-in-One 24,"<p>A 24-inch all-in-one with a 4.5K display, six-speaker system, and a 1080p camera. 11.5 mm thin, in five finishes.</p>",Anode Studio,,Computers,"desktop,all-in-one,4.5k,display",TRUE,Storage,2TB,,,,,ANODE-ALL-IN-ONE-24-2TB,shopify,0,deny,manual,1899.00,,TRUE,TRUE,,,,,FALSE,,,,kg,,1177.38,active,Desk
