"Handle","Title","Body (HTML)","Vendor","Product Category","Type","Tags","Published","Option1 Name","Option1 Value","Option2 Name","Option2 Value","Option3 Name","Option3 Value","Variant SKU","Variant Grams","Variant Inventory Tracker","Variant Inventory Qty","Variant Inventory Policy","Variant Fulfillment Service","Variant Price","Variant Compare At Price","Variant Image","Variant Taxable","Variant Barcode","Image Src","Image Position","Image Alt Text","Gift Card","SEO Title","SEO Description","Google Shopping / Google Product Category","Google Shopping / Gender","Google Shopping / Age Group","Google Shopping / MPN","Google Shopping / Condition","Google Shopping / Custom Product","Google Shopping / Custom Label 0","Google Shopping / Custom Label 1","Google Shopping / Custom Label 2","Google Shopping / Custom Label 3","Google Shopping / Custom Label 4","Variant Weight Unit","Variant Tax Code","Cost per item","Included / United States","Price / United States","Compare At Price / United States","Included / International","Price / International","Compare At Price / International","Status"
"iphone-15-pro-max-natural-titanium","iPhone 15 Pro Max 256GB - Natural Titanium","<p>The flagship iPhone 15 Pro Max in Natural Titanium pairs a 6.7-inch Super Retina XDR display with the A17 Pro chip and a pro-grade camera system featuring 5x optical zoom. Aerospace-grade titanium construction keeps the device light yet rigid, while USB-C with USB 3 speeds streamlines connectivity.</p><ul><li>6.7-inch Super Retina XDR display with ProMotion and Always-On</li><li>A17 Pro chip with 6-core GPU for console-class gaming</li><li>48MP main, 12MP ultra-wide, 12MP 5x telephoto cameras</li><li>Titanium frame for strength and reduced weight</li><li>USB-C with USB 3 speeds up to 10Gbps</li><li>Up to 29 hours video playback</li><li>Action button replaces the traditional mute switch</li></ul>","Apple","Electronics > Communications > Telephony > Mobile & Smart Phones > Smart Phones","iPhone","iphone, smartphone, titanium, 5g, pro, flagship, ios","TRUE","Color","Natural Titanium","","","","","IP15PM-NT-256","221","shopify","100","deny","manual","1199.00","","https://cdn.shopify.com/s/files/1/0726/9194/1453/files/iphone-15-pro-max-natural-titanium.jpg","TRUE","","https://cdn.shopify.com/s/files/1/0726/9194/1453/files/iphone-15-pro-max-natural-titanium.jpg","1","iPhone 15 Pro Max in Natural Titanium color front and side view","FALSE","","","Electronics > Communications > Telephony > Mobile & Smart Phones > Smart Phones","","","IP15PM-NT-256","new","","","","","","","g","","","TRUE","","","TRUE","","","active"
"iphone-15-pro-max-blue-titanium","iPhone 15 Pro Max 256GB - Blue Titanium","<p>The iPhone 15 Pro Max in Blue Titanium delivers flagship performance wrapped in a deep blue-grey titanium finish. The 6.7-inch ProMotion display, A17 Pro chip, and 5x telephoto camera system make it a top-tier content creation tool.</p><ul><li>6.7-inch Super Retina XDR display with Always-On</li><li>A17 Pro chip with 6-core GPU</li><li>Pro camera system with 5x optical zoom telephoto</li><li>Brushed blue titanium frame</li><li>USB-C connectivity with USB 3 speeds</li><li>Up to 29 hours video playback</li><li>Action button and Dynamic Island</li></ul>","Apple","Electronics > Communications > Telephony > Mobile & Smart Phones > Smart Phones","iPhone","iphone, smartphone, titanium, blue, 5g, pro, flagship","TRUE","Color","Blue Titanium","","","","","IP15PM-BT-256","221","shopify","100","deny","manual","1199.00","","https://cdn.shopify.com/s/files/1/0726/9194/1453/files/iphone-15-pro-max-blue-titanium.jpg","TRUE","","https://cdn.shopify.com/s/files/1/0726/9194/1453/files/iphone-15-pro-max-blue-titanium.jpg","1","iPhone 15 Pro Max in Blue Titanium color front and side view","FALSE","","","Electronics > Communications > Telephony > Mobile & Smart Phones > Smart Phones","","","IP15PM-BT-256","new","","","","","","","g","","","TRUE","","","TRUE","","","active"
"iphone-15-pro-natural-titanium","iPhone 15 Pro 128GB - Natural Titanium","<p>The iPhone 15 Pro in Natural Titanium brings pro features to a more compact 6.1-inch form factor. A17 Pro performance, titanium build, and a triple camera system with 3x telephoto make it a versatile flagship.</p><ul><li>6.1-inch Super Retina XDR display with ProMotion</li><li>A17 Pro chip with 6-core GPU</li><li>48MP main, 12MP ultra-wide, 12MP 3x telephoto</li><li>Aerospace-grade titanium frame</li><li>USB-C with USB 3 speeds up to 10Gbps</li><li>Up to 23 hours video playback</li><li>Action button and Dynamic Island</li></ul>","Apple","Electronics > Communications > Telephony > Mobile & Smart Phones > Smart Phones","iPhone","iphone, smartphone, titanium, 5g, pro, compact","TRUE","Color","Natural Titanium","","","","","IP15P-NT-128","187","shopify","100","deny","manual","999.00","","https://cdn.shopify.com/s/files/1/0726/9194/1453/files/iphone-15-pro-natural-titanium.jpg","TRUE","","https://cdn.shopify.com/s/files/1/0726/9194/1453/files/iphone-15-pro-natural-titanium.jpg","1","iPhone 15 Pro in Natural Titanium color front and side view","FALSE","","","Electronics > Communications > Telephony > Mobile & Smart Phones > Smart Phones","","","IP15P-NT-128","new","","","","","","","g","","","TRUE","","","TRUE","","","active"
"iphone-15-pro-black-titanium","iPhone 15 Pro 128GB - Black Titanium","<p>The iPhone 15 Pro in Black Titanium pairs a dark brushed titanium finish with the A17 Pro chip and a triple camera system. A focused, premium flagship in a 6.1-inch ProMotion device.</p><ul><li>6.1-inch Super Retina XDR display with ProMotion</li><li>A17 Pro chip with 6-core GPU</li><li>48MP main, 12MP ultra-wide, 12MP 3x telephoto</li><li>Dark titanium frame</li><li>USB-C with USB 3 speeds</li><li>Up to 23 hours video playback</li><li>Action button replaces mute switch</li></ul>","Apple","Electronics > Communications > Telephony > Mobile & Smart Phones > Smart Phones","iPhone","iphone, smartphone, titanium, black, 5g, pro","TRUE","Color","Black Titanium","","","","","IP15P-BT-128","187","shopify","100","deny","manual","999.00","","https://cdn.shopify.com/s/files/1/0726/9194/1453/files/iphone-15-pro-black-titanium.jpg","TRUE","","https://cdn.shopify.com/s/files/1/0726/9194/1453/files/iphone-15-pro-black-titanium.jpg","1","iPhone 15 Pro in Black Titanium color front and side view","FALSE","","","Electronics > Communications > Telephony > Mobile & Smart Phones > Smart Phones","","","IP15P-BT-128","new","","","","","","","g","","","TRUE","","","TRUE","","","active"
"iphone-15-plus-blue","iPhone 15 Plus 128GB - Blue","<p>The iPhone 15 Plus in Blue offers a large 6.7-inch Super Retina XDR display, A16 Bionic performance, and a dual camera system with 2x telephoto. USB-C connectivity and Dynamic Island round out the everyday flagship.</p><ul><li>6.7-inch Super Retina XDR display</li><li>A16 Bionic chip</li><li>48MP main camera with 2x telephoto</li><li>Dynamic Island</li><li>USB-C connectivity</li><li>Up to 26 hours video playback</li><li>Ceramic Shield front</li></ul>","Apple","Electronics > Communications > Telephony > Mobile & Smart Phones > Smart Phones","iPhone","iphone, smartphone, blue, 5g, plus, large-screen","TRUE","Color","Blue","","","","","IP15PL-BL-128","201","shopify","100","deny","manual","899.00","","https://cdn.shopify.com/s/files/1/0726/9194/1453/files/iphone-15-plus-blue.jpg","TRUE","","https://cdn.shopify.com/s/files/1/0726/9194/1453/files/iphone-15-plus-blue.jpg","1","iPhone 15 Plus in Blue color front and side view","FALSE","","","Electronics > Communications > Telephony > Mobile & Smart Phones > Smart Phones","","","IP15PL-BL-128","new","","","","","","","g","","","TRUE","","","TRUE","","","active"
"iphone-15-pink","iPhone 15 128GB - Pink","<p>The iPhone 15 in Pink combines a soft pastel finish with a 6.1-inch Super Retina XDR display and A16 Bionic performance. The 48MP main camera and Dynamic Island bring flagship features to a comfortable size.</p><ul><li>6.1-inch Super Retina XDR display</li><li>A16 Bionic chip</li><li>48MP main camera with 2x telephoto</li><li>Dynamic Island</li><li>USB-C connectivity</li><li>Up to 20 hours video playback</li><li>Ceramic Shield front</li></ul>","Apple","Electronics > Communications > Telephony > Mobile & Smart Phones > Smart Phones","iPhone","iphone, smartphone, pink, 5g, color","TRUE","Color","Pink","","","","","IP15-PK-128","171","shopify","100","deny","manual","799.00","","https://cdn.shopify.com/s/files/1/0726/9194/1453/files/iphone-15-pink.jpg","TRUE","","https://cdn.shopify.com/s/files/1/0726/9194/1453/files/iphone-15-pink.jpg","1","iPhone 15 in Pink color front and side view","FALSE","","","Electronics > Communications > Telephony > Mobile & Smart Phones > Smart Phones","","","IP15-PK-128","new","","","","","","","g","","","TRUE","","","TRUE","","","active"
"iphone-14-midnight","iPhone 14 128GB - Midnight","<p>The iPhone 14 in Midnight delivers reliable performance with the A15 Bionic chip, 6.1-inch Super Retina XDR display, and a dual camera system. A solid everyday iPhone with Crash Detection and Cinematic mode.</p><ul><li>6.1-inch Super Retina XDR display</li><li>A15 Bionic chip with 5-core GPU</li><li>12MP main and 12MP ultra-wide cameras</li><li>Cinematic mode for video</li><li>Crash Detection</li><li>Up to 20 hours video playback</li><li>Lightning connector</li></ul>","Apple","Electronics > Communications > Telephony > Mobile & Smart Phones > Smart Phones","iPhone","iphone, smartphone, midnight, 5g","TRUE","Color","Midnight","","","","","IP14-MN-128","172","shopify","100","deny","manual","699.00","","https://cdn.shopify.com/s/files/1/0726/9194/1453/files/iphone-14-midnight.jpg","TRUE","","https://cdn.shopify.com/s/files/1/0726/9194/1453/files/iphone-14-midnight.jpg","1","iPhone 14 in Midnight color front and side view","FALSE","","","Electronics > Communications > Telephony > Mobile & Smart Phones > Smart Phones","","","IP14-MN-128","new","","","","","","","g","","","TRUE","","","TRUE","","","active"
"iphone-13-starlight","iPhone 13 128GB - Starlight","<p>The iPhone 13 in Starlight offers a balanced everyday iPhone experience with the A15 Bionic chip, 6.1-inch Super Retina XDR display, and a dual camera system. Cinematic mode and improved battery life make it a great value.</p><ul><li>6.1-inch Super Retina XDR display</li><li>A15 Bionic chip</li><li>12MP main and 12MP ultra-wide cameras</li><li>Cinematic mode for video</li><li>Up to 19 hours video playback</li><li>Super Retina XDR display with True Tone</li><li>Lightning connector</li></ul>","Apple","Electronics > Communications > Telephony > Mobile & Smart Phones > Smart Phones","iPhone","iphone, smartphone, starlight, 5g, value","TRUE","Color","Starlight","","","","","IP13-SL-128","174","shopify","100","deny","manual","599.00","","https://cdn.shopify.com/s/files/1/0726/9194/1453/files/iphone-13-starlight.jpg","TRUE","","https://cdn.shopify.com/s/files/1/0726/9194/1453/files/iphone-13-starlight.jpg","1","iPhone 13 in Starlight color front and side view","FALSE","","","Electronics > Communications > Telephony > Mobile & Smart Phones > Smart Phones","","","IP13-SL-128","new","","","","","","","g","","","TRUE","","","TRUE","","","active"
"iphone-se-midnight","iPhone SE 64GB - Midnight","<p>The iPhone SE in Midnight packs A15 Bionic performance into a compact 4.7-inch design with Touch ID. A practical, affordable iPhone with 5G connectivity and a familiar home button.</p><ul><li>4.7-inch Retina HD display</li><li>A15 Bionic chip</li><li>12MP main camera with Smart HDR 4</li><li>Touch ID home button</li><li>5G connectivity</li><li>Up to 15 hours video playback</li><li>Lightning connector</li></ul>","Apple","Electronics > Communications > Telephony > Mobile & Smart Phones > Smart Phones","iPhone","iphone, smartphone, midnight, 5g, compact, touch-id","TRUE","Color","Midnight","","","","","IPSE-MN-64","144","shopify","100","deny","manual","429.00","","https://cdn.shopify.com/s/files/1/0726/9194/1453/files/iphone-se-midnight.jpg","TRUE","","https://cdn.shopify.com/s/files/1/0726/9194/1453/files/iphone-se-midnight.jpg","1","iPhone SE 3rd gen in Midnight color front and side view","FALSE","","","Electronics > Communications > Telephony > Mobile & Smart Phones > Smart Phones","","","IPSE-MN-64","new","","","","","","","g","","","TRUE","","","TRUE","","","active"
"macbook-air-15-m3-midnight","MacBook Air 15-inch M3 256GB - Midnight","<p>The MacBook Air 15-inch M3 in Midnight pairs a spacious 15.3-inch Liquid Retina display with the M3 chip in a remarkably thin aluminum enclosure. With an 18-hour battery life and silent fanless design, it is built for all-day productivity.</p><ul><li>15.3-inch Liquid Retina display with 500 nits</li><li>Apple M3 chip with 8-core CPU and 10-core GPU</li><li>8GB unified memory, 256GB SSD</li><li>MagSafe 3 charging plus two Thunderbolt / USB 4 ports</li><li>Up to 18 hours battery life</li><li>Fanless design for silent operation</li><li>1080p FaceTime HD camera</li></ul>","Apple","Electronics > Computers > Laptops","MacBook","macbook, laptop, m3, midnight, apple-silicon","TRUE","Color","Midnight","","","","","MBA15-M3-MN-256","1530","shopify","100","deny","manual","1299.00","","https://cdn.shopify.com/s/files/1/0726/9194/1453/files/macbook-air-15-m3-midnight.jpg","TRUE","","https://cdn.shopify.com/s/files/1/0726/9194/1453/files/macbook-air-15-m3-midnight.jpg","1","MacBook Air 15-inch M3 in Midnight color open laptop view","FALSE","","","Electronics > Computers > Laptops","","","MBA15-M3-MN-256","new","","","","","","","g","","","TRUE","","","TRUE","","","active"
"macbook-air-13-m3-starlight","MacBook Air 13-inch M3 256GB - Starlight","<p>The MacBook Air 13-inch M3 in Starlight delivers M3 performance in an ultra-portable 13.6-inch Liquid Retina form factor. Lightweight, fanless, and capable of driving two external displays with the lid closed.</p><ul><li>13.6-inch Liquid Retina display with 500 nits</li><li>Apple M3 chip with 8-core CPU and 8-core GPU</li><li>8GB unified memory, 256GB SSD</li><li>MagSafe 3 charging plus two Thunderbolt / USB 4 ports</li><li>Up to 18 hours battery life</li><li>Supports two external displays with lid closed</li><li>1080p FaceTime HD camera</li></ul>","Apple","Electronics > Computers > Laptops","MacBook","macbook, laptop, m3, starlight, apple-silicon","TRUE","Color","Starlight","","","","","MBA13-M3-SL-256","1240","shopify","100","deny","manual","1099.00","","https://cdn.shopify.com/s/files/1/0726/9194/1453/files/macbook-air-13-m3-starlight.jpg","TRUE","","https://cdn.shopify.com/s/files/1/0726/9194/1453/files/macbook-air-13-m3-starlight.jpg","1","MacBook Air 13-inch M3 in Starlight color open laptop view","FALSE","","","Electronics > Computers > Laptops","","","MBA13-M3-SL-256","new","","","","","","","g","","","TRUE","","","TRUE","","","active"
"macbook-pro-14-m3-space-black","MacBook Pro 14-inch M3 512GB - Space Black","<p>The MacBook Pro 14-inch M3 in Space Black combines pro performance with a stunning Liquid Retina XDR display. The M3 chip, active cooling, and up to 22 hours of battery life make it a serious workstation in a compact form.</p><ul><li>14.2-inch Liquid Retina XDR display with ProMotion</li><li>Apple M3 chip with 8-core CPU and 10-core GPU</li><li>8GB unified memory, 512GB SSD</li><li>Three Thunderbolt 4 ports, HDMI, SDXC, MagSafe 3</li><li>Up to 22 hours battery life</li><li>Active cooling for sustained performance</li><li>1080p FaceTime HD camera with M3 ISP</li></ul>","Apple","Electronics > Computers > Laptops","MacBook","macbook, laptop, m3, pro, space-black, apple-silicon","TRUE","Color","Space Black","","","","","MBP14-M3-SB-512","1600","shopify","100","deny","manual","1599.00","","https://cdn.shopify.com/s/files/1/0726/9194/1453/files/macbook-pro-14-m3-space-black.jpg","TRUE","","https://cdn.shopify.com/s/files/1/0726/9194/1453/files/macbook-pro-14-m3-space-black.jpg","1","MacBook Pro 14-inch M3 in Space Black open laptop view","FALSE","","","Electronics > Computers > Laptops","","","MBP14-M3-SB-512","new","","","","","","","g","","","TRUE","","","TRUE","","","active"
"macbook-pro-16-m3-max-silver","MacBook Pro 16-inch M3 Max 1TB - Silver","<p>The MacBook Pro 16-inch M3 Max in Silver is built for demanding professional workloads. The M3 Max chip, 16-inch Liquid Retina XDR display, and sustained performance from active cooling make it a desktop-class portable.</p><ul><li>16.2-inch Liquid Retina XDR display with ProMotion</li><li>Apple M3 Max chip with 14-core CPU and 30-core GPU</li><li>36GB unified memory, 1TB SSD</li><li>Three Thunderbolt 4 ports, HDMI, SDXC, MagSafe 3</li><li>Up to 22 hours battery life</li><li>Active cooling for sustained pro performance</li><li>1080p FaceTime HD camera with M3 ISP</li></ul>","Apple","Electronics > Computers > Laptops","MacBook","macbook, laptop, m3-max, pro, silver, apple-silicon, workstation","TRUE","Color","Silver","","","","","MBP16-M3MX-SL-1T","2200","shopify","100","deny","manual","3199.00","","https://cdn.shopify.com/s/files/1/0726/9194/1453/files/macbook-pro-16-m3-max-silver.jpg","TRUE","","https://cdn.shopify.com/s/files/1/0726/9194/1453/files/macbook-pro-16-m3-max-silver.jpg","1","MacBook Pro 16-inch M3 Max in Silver open laptop view","FALSE","","","Electronics > Computers > Laptops","","","MBP16-M3MX-SL-1T","new","","","","","","","g","","","TRUE","","","TRUE","","","active"
"imac-24-m3-pink","iMac 24-inch M3 256GB - Pink","<p>The iMac 24-inch M3 in Pink brings a vibrant 4.5K Retina display and Apple silicon to a strikingly thin all-in-one design. With a 1080p FaceTime camera, six-speaker sound, and the M3 chip, it handles everyday creativity with ease.</p><ul><li>24-inch 4.5K Retina display with P3 wide color</li><li>Apple M3 chip with 8-core CPU and 10-core GPU</li><li>8GB unified memory, 256GB SSD</li><li>1080p FaceTime HD camera</li><li>Six-speaker sound system with spatial audio</li><li>Four USB-C ports (two Thunderbolt / USB 4)</li><li>Matching pink Magic Keyboard and Magic Mouse</li></ul>","Apple","Electronics > Computers > Desktop Computers","iMac","imac, desktop, m3, pink, all-in-one, apple-silicon","TRUE","Color","Pink","","","","","IMAC24-M3-PK-256","4500","shopify","100","deny","manual","1299.00","","https://cdn.shopify.com/s/files/1/0726/9194/1453/files/imac-24-m3-pink.jpg","TRUE","","https://cdn.shopify.com/s/files/1/0726/9194/1453/files/imac-24-m3-pink.jpg","1","iMac 24-inch M3 in Pink color front view with keyboard and mouse","FALSE","","","Electronics > Computers > Desktop Computers","","","IMAC24-M3-PK-256","new","","","","","","","g","","","TRUE","","","TRUE","","","active"
"mac-mini-m2-silver","Mac mini M2 256GB - Silver","<p>The Mac mini M2 in Silver delivers Apple silicon performance in a compact square aluminum enclosure. With the M2 chip, two Thunderbolt / USB 4 ports, and a quiet design, it is a flexible desktop for home and office.</p><ul><li>Apple M2 chip with 8-core CPU and 10-core GPU</li><li>8GB unified memory, 256GB SSD</li><li>Two Thunderbolt / USB 4 ports</li><li>Two USB-A ports, HDMI, gigabit Ethernet</li><li>Compact 19.7cm square aluminum enclosure</li><li>Whisper-quiet active cooling</li><li>Supports up to two displays</li></ul>","Apple","Electronics > Computers > Desktop Computers","Mac mini","mac-mini, desktop, m2, silver, apple-silicon, compact","TRUE","Color","Silver","","","","","MACMINI-M2-SL-256","590","shopify","100","deny","manual","599.00","","https://cdn.shopify.com/s/files/1/0726/9194/1453/files/mac-mini-m2-silver.jpg","TRUE","","https://cdn.shopify.com/s/files/1/0726/9194/1453/files/mac-mini-m2-silver.jpg","1","Mac mini M2 in Silver color front view","FALSE","","","Electronics > Computers > Desktop Computers","","","MACMINI-M2-SL-256","new","","","","","","","g","","","TRUE","","","TRUE","","","active"
"mac-studio-m2-ultra-silver","Mac Studio M2 Ultra 512GB - Silver","<p>The Mac Studio M2 Ultra in Silver packs the M2 Ultra chip into a compact aluminum enclosure designed for professional workflows. With up to 24-core CPU, 76-core GPU, and six Thunderbolt 4 ports, it is a serious content-creation powerhouse.</p><ul><li>Apple M2 Ultra chip with 24-core CPU and 60-core GPU</li><li>64GB unified memory, 512GB SSD</li><li>Six Thunderbolt 4 ports (front and back)</li><li>Two USB-A ports, HDMI, 10 gigabit Ethernet</li><li>Compact 19.7cm square aluminum enclosure</li><li>Supports up to eight displays</li><li>Whisper-quiet active cooling</li></ul>","Apple","Electronics > Computers > Desktop Computers","Mac Studio","mac-studio, desktop, m2-ultra, silver, apple-silicon, workstation","TRUE","Color","Silver","","","","","MACSTUDIO-M2U-SL-512","3600","shopify","100","deny","manual","3999.00","","https://cdn.shopify.com/s/files/1/0726/9194/1453/files/mac-studio-m2-ultra-silver.jpg","TRUE","","https://cdn.shopify.com/s/files/1/0726/9194/1453/files/mac-studio-m2-ultra-silver.jpg","1","Mac Studio M2 Ultra in Silver color front view","FALSE","","","Electronics > Computers > Desktop Computers","","","MACSTUDIO-M2U-SL-512","new","","","","","","","g","","","TRUE","","","TRUE","","","active"
"mac-pro-m2-ultra-silver","Mac Pro M2 Ultra 512GB - Silver","<p>The Mac Pro M2 Ultra in Silver combines Apple silicon performance with PCIe expansion. The stainless steel frame and aluminum housing offer tool-free access, while the M2 Ultra chip handles demanding pro workloads.</p><ul><li>Apple M2 Ultra chip with 24-core CPU and 76-core GPU</li><li>64GB unified memory, 512GB SSD</li><li>Six Thunderbolt 4 ports and eight PCIe slots</li><li>Stainless steel frame with aluminum housing</li><li>Tool-free access for upgrades</li><li>Supports up to eight displays</li><li>Lattice-pattern ventilation for thermal efficiency</li></ul>","Apple","Electronics > Computers > Desktop Computers","Mac Pro","mac-pro, desktop, m2-ultra, silver, apple-silicon, workstation, pci-e","TRUE","Color","Silver","","","","","MACPRO-M2U-SL-512","17000","shopify","100","deny","manual","6999.00","","https://cdn.shopify.com/s/files/1/0726/9194/1453/files/mac-pro-m2-ultra-silver.jpg","TRUE","","https://cdn.shopify.com/s/files/1/0726/9194/1453/files/mac-pro-m2-ultra-silver.jpg","1","Mac Pro M2 Ultra in Silver color tower front view","FALSE","","","Electronics > Computers > Desktop Computers","","","MACPRO-M2U-SL-512","new","","","","","","","g","","","TRUE","","","TRUE","","","active"
"ipad-pro-12-9-m2-silver","iPad Pro 12.9-inch M2 256GB - Silver","<p>The iPad Pro 12.9-inch M2 in Silver features the M2 chip, an XDR display with 1600 nits peak brightness, and ProMotion. With Apple Pencil 2 hover support and Wi-Fi 6E, it is a serious creative tool.</p><ul><li>12.9-inch Liquid Retina XDR display with ProMotion</li><li>Apple M2 chip with 8-core CPU and 10-core GPU</li><li>8GB unified memory, 256GB storage</li><li>Apple Pencil 2 with hover support</li><li>Wi-Fi 6E with 2x2 MIMO</li><li>Thunderbolt / USB 4 port</li><li>12MP wide camera with Center Stage</li></ul>","Apple","Electronics > Computers > Tablet Computers","iPad","ipad, tablet, m2, silver, pro, xdr","TRUE","Color","Silver","","","","","IPP129-M2-SL-256","682","shopify","100","deny","manual","1099.00","","https://cdn.shopify.com/s/files/1/0726/9194/1453/files/ipad-pro-12-9-m2-silver.jpg","TRUE","","https://cdn.shopify.com/s/files/1/0726/9194/1453/files/ipad-pro-12-9-m2-silver.jpg","1","iPad Pro 12.9-inch M2 in Silver color front view","FALSE","","","Electronics > Computers > Tablet Computers","","","IPP129-M2-SL-256","new","","","","","","","g","","","TRUE","","","TRUE","","","active"
"ipad-pro-11-m2-space-gray","iPad Pro 11-inch M2 128GB - Space Gray","<p>The iPad Pro 11-inch M2 in Space Gray pairs the M2 chip with a Liquid Retina display and ProMotion in a portable 11-inch form. Apple Pencil 2 hover support and a Thunderbolt port round out the pro features.</p><ul><li>11-inch Liquid Retina display with ProMotion</li><li>Apple M2 chip with 8-core CPU and 10-core GPU</li><li>8GB unified memory, 128GB storage</li><li>Apple Pencil 2 with hover support</li><li>Wi-Fi 6E with 2x2 MIMO</li><li>Thunderbolt / USB 4 port</li><li>12MP wide camera with Center Stage</li></ul>","Apple","Electronics > Computers > Tablet Computers","iPad","ipad, tablet, m2, space-gray, pro","TRUE","Color","Space Gray","","","","","IPP11-M2-SG-128","466","shopify","100","deny","manual","799.00","","https://cdn.shopify.com/s/files/1/0726/9194/1453/files/ipad-pro-11-m2-space-gray.jpg","TRUE","","https://cdn.shopify.com/s/files/1/0726/9194/1453/files/ipad-pro-11-m2-space-gray.jpg","1","iPad Pro 11-inch M2 in Space Gray color front view","FALSE","","","Electronics > Computers > Tablet Computers","","","IPP11-M2-SG-128","new","","","","","","","g","","","TRUE","","","TRUE","","","active"
"ipad-air-m2-blue","iPad Air M2 128GB - Blue","<p>The iPad Air M2 in Blue brings the M2 chip to a thin 11-inch Liquid Retina design. Apple Pencil Pro support and a landscape-oriented camera make it a versatile creative and video-call companion.</p><ul><li>11-inch Liquid Retina display with 500 nits</li><li>Apple M2 chip with 8-core CPU and 10-core GPU</li><li>8GB unified memory, 128GB storage</li><li>Apple Pencil Pro support</li><li>Wi-Fi 6E with 2x2 MIMO</li><li>USB-C port with USB 3 speeds</li><li>Landscape-oriented 12MP camera with Center Stage</li></ul>","Apple","Electronics > Computers > Tablet Computers","iPad","ipad, tablet, m2, blue, air","TRUE","Color","Blue","","","","","IPAIR-M2-BL-128","462","shopify","100","deny","manual","599.00","","https://cdn.shopify.com/s/files/1/0726/9194/1453/files/ipad-air-m2-blue.jpg","TRUE","","https://cdn.shopify.com/s/files/1/0726/9194/1453/files/ipad-air-m2-blue.jpg","1","iPad Air M2 in Blue color front view","FALSE","","","Electronics > Computers > Tablet Computers","","","IPAIR-M2-BL-128","new","","","","","","","g","","","TRUE","","","TRUE","","","active"
"ipad-10-blue","iPad 10th generation 64GB - Blue","<p>The iPad 10th generation in Blue offers an all-screen 10.9-inch Liquid Retina design, the A14 Bionic chip, and a USB-C port. A great everyday iPad with a landscape camera and vibrant color options.</p><ul><li>10.9-inch Liquid Retina display</li><li>A14 Bionic chip</li><li>4GB memory, 64GB storage</li><li>USB-C connector</li><li>Wi-Fi 6</li><li>Landscape-oriented 12MP wide camera</li><li>Touch ID in top button</li></ul>","Apple","Electronics > Computers > Tablet Computers","iPad","ipad, tablet, blue, 10th-gen, value","TRUE","Color","Blue","","","","","IPAD10-BL-64","477","shopify","100","deny","manual","449.00","","https://cdn.shopify.com/s/files/1/0726/9194/1453/files/ipad-10-blue.jpg","TRUE","","https://cdn.shopify.com/s/files/1/0726/9194/1453/files/ipad-10-blue.jpg","1","iPad 10th generation in Blue color front view","FALSE","","","Electronics > Computers > Tablet Computers","","","IPAD10-BL-64","new","","","","","","","g","","","TRUE","","","TRUE","","","active"
"ipad-mini-6-purple","iPad mini 6 64GB - Purple","<p>The iPad mini 6 in Purple packs the A15 Bionic chip into a compact 8.3-inch design. With USB-C, Apple Pencil 2 support, and a landscape camera, it is a small but capable creative companion.</p><ul><li>8.3-inch Liquid Retina display with True Tone</li><li>A15 Bionic chip</li><li>4GB memory, 64GB storage</li><li>USB-C connector</li><li>Apple Pencil 2 support</li><li>Wi-Fi 6</li><li>Landscape-oriented 12MP camera with Center Stage</li></ul>","Apple","Electronics > Computers > Tablet Computers","iPad","ipad, tablet, purple, mini, compact","TRUE","Color","Purple","","","","","IPMINI6-PP-64","297","shopify","100","deny","manual","499.00","","https://cdn.shopify.com/s/files/1/0726/9194/1453/files/ipad-mini-6-purple.jpg","TRUE","","https://cdn.shopify.com/s/files/1/0726/9194/1453/files/ipad-mini-6-purple.jpg","1","iPad mini 6 in Purple color front view","FALSE","","","Electronics > Computers > Tablet Computers","","","IPMINI6-PP-64","new","","","","","","","g","","","TRUE","","","TRUE","","","active"
"apple-watch-series-9-midnight","Apple Watch Series 9 41mm - Midnight","<p>The Apple Watch Series 9 in Midnight features the S9 chip, a brighter Always-On Retina display, and the Double Tap gesture. Comprehensive health sensors and a carbon-neutral design option round out the package.</p><ul><li>41mm Always-On Retina display with 1000 nits</li><li>S9 SiP with 4-core CPU</li><li>Double Tap gesture for one-handed use</li><li>ECG, blood oxygen, and temperature sensing</li><li>Crash Detection and Fall Detection</li><li>Up to 18 hours battery life</li><li>Water resistance 50 meters</li></ul>","Apple","Apparel & Accessories > Jewelry > Smart Watches","Apple Watch","apple-watch, smartwatch, midnight, series-9, health, fitness","TRUE","Color","Midnight","","","","","AW9-41-MM","32","shopify","100","deny","manual","399.00","","https://cdn.shopify.com/s/files/1/0726/9194/1453/files/apple-watch-series-9-midnight.jpg","TRUE","","https://cdn.shopify.com/s/files/1/0726/9194/1453/files/apple-watch-series-9-midnight.jpg","1","Apple Watch Series 9 41mm in Midnight color front view","FALSE","","","Apparel & Accessories > Jewelry > Smart Watches","","","AW9-41-MM","new","","","","","","","g","","","TRUE","","","TRUE","","","active"
"apple-watch-ultra-2-natural-titanium","Apple Watch Ultra 2 49mm - Natural Titanium","<p>The Apple Watch Ultra 2 in Natural Titanium is built for extreme conditions with a 49mm titanium case, 3000-nit display, and the brightest Always-On Retina screen yet. Double Tap, precision dual-frequency GPS, and 72-hour battery life make it a serious adventure watch.</p><ul><li>49mm Always-On Retina display with 3000 nits</li><li>S9 SiP with 4-core CPU</li><li>Double Tap gesture</li><li>Dual-frequency GPS for precision tracking</li><li>ECG, blood oxygen, temperature sensing</li><li>Up to 72 hours battery in low power</li><li>EN13319-certified dive computer</li></ul>","Apple","Apparel & Accessories > Jewelry > Smart Watches","Apple Watch","apple-watch, smartwatch, ultra, titanium, adventure, dive","TRUE","Color","Natural Titanium","","","","","AWU2-49-NT","61","shopify","100","deny","manual","799.00","","https://cdn.shopify.com/s/files/1/0726/9194/1453/files/apple-watch-ultra-2-natural-titanium.jpg","TRUE","","https://cdn.shopify.com/s/files/1/0726/9194/1453/files/apple-watch-ultra-2-natural-titanium.jpg","1","Apple Watch Ultra 2 49mm in Natural Titanium color front view","FALSE","","","Apparel & Accessories > Jewelry > Smart Watches","","","AWU2-49-NT","new","","","","","","","g","","","TRUE","","","TRUE","","","active"
"apple-watch-se-2-starlight","Apple Watch SE 2nd gen 40mm - Starlight","<p>The Apple Watch SE 2nd generation in Starlight delivers core Apple Watch features at a friendly price. With the S8 SiP, Crash Detection, and Fall Detection, it is a solid everyday companion.</p><ul><li>40mm Retina display with 1000 nits</li><li>S8 SiP with 4-core CPU</li><li>Crash Detection and Fall Detection</li><li>Heart rate sensor with high/low notifications</li><li>Water resistance 50 meters</li><li>Up to 18 hours battery life</li><li>Family Setup compatible</li></ul>","Apple","Apparel & Accessories > Jewelry > Smart Watches","Apple Watch","apple-watch, smartwatch, starlight, se, value","TRUE","Color","Starlight","","","","","AWSE2-40-SL","26","shopify","100","deny","manual","249.00","","https://cdn.shopify.com/s/files/1/0726/9194/1453/files/apple-watch-se-2-starlight.jpg","TRUE","","https://cdn.shopify.com/s/files/1/0726/9194/1453/files/apple-watch-se-2-starlight.jpg","1","Apple Watch SE 2nd gen 40mm in Starlight color front view","FALSE","","","Apparel & Accessories > Jewelry > Smart Watches","","","AWSE2-40-SL","new","","","","","","","g","","","TRUE","","","TRUE","","","active"
"airpods-pro-2-usb-c","AirPods Pro 2nd generation USB-C","<p>The AirPods Pro 2 with USB-C brings the H2 chip, Adaptive Audio, and Active Noise Cancellation to a refined wireless earbud design. A new USB-C charging case and Conversation Awareness round out the upgrade.</p><ul><li>Apple H2 chip with Adaptive Audio</li><li>Active Noise Cancellation and Transparency mode</li><li>Personalized Spatial Audio with dynamic head tracking</li><li>USB-C charging case with speakers and lanyard loop</li><li>Up to 6 hours listening (30 hours with case)</li><li>Four silicone ear tip sizes</li><li>IP54 dust and sweat resistance</li></ul>","Apple","Electronics > Audio > Audio Components > Headphones & Headsets > Headphones > In-Ear Headphones","AirPods","airpods, earbuds, anc, usb-c, spatial-audio","TRUE","Color","White","","","","","APPP2-USBC","51","shopify","100","deny","manual","249.00","","https://cdn.shopify.com/s/files/1/0726/9194/1453/files/airpods-pro-2-usb-c.jpg","TRUE","","https://cdn.shopify.com/s/files/1/0726/9194/1453/files/airpods-pro-2-usb-c.jpg","1","AirPods Pro 2 USB-C with open charging case and earbuds","FALSE","","","Electronics > Audio > Audio Components > Headphones & Headsets > Headphones > In-Ear Headphones","","","APPP2-USBC","new","","","","","","","g","","","TRUE","","","TRUE","","","active"
"airpods-max-silver","AirPods Max - Silver","<p>The AirPods Max in Silver delivers premium over-ear sound with the H1 chip, Adaptive EQ, and Active Noise Cancellation. Stainless steel construction and memory foam cushions provide all-day comfort.</p><ul><li>Apple H1 chip with Adaptive EQ</li><li>Active Noise Cancellation and Transparency mode</li><li>Personalized Spatial Audio with dynamic head tracking</li><li>40mm dynamic driver with neodymium magnets</li><li>Stainless steel frame with aluminum ear cups</li><li>Up to 20 hours listening with ANC on</li><li>Smart case for ultra-low power mode</li></ul>","Apple","Electronics > Audio > Audio Components > Headphones & Headsets > Headphones > Over-Ear Headphones","AirPods","airpods, over-ear, anc, spatial-audio, premium","TRUE","Color","Silver","","","","","APMAX-SL","385","shopify","100","deny","manual","549.00","","https://cdn.shopify.com/s/files/1/0726/9194/1453/files/airpods-max-silver.jpg","TRUE","","https://cdn.shopify.com/s/files/1/0726/9194/1453/files/airpods-max-silver.jpg","1","AirPods Max in Silver color over-ear headphones view","FALSE","","","Electronics > Audio > Audio Components > Headphones & Headsets > Headphones > Over-Ear Headphones","","","APMAX-SL","new","","","","","","","g","","","TRUE","","","TRUE","","","active"
"airpods-3-lightning","AirPods 3rd generation with Lightning case","<p>The AirPods 3rd generation with Lightning charging case feature the H1 chip, Adaptive EQ, and Personalized Spatial Audio in a sweat- and water-resistant design. A solid everyday wireless earbud.</p><ul><li>Apple H1 chip with Adaptive EQ</li><li>Personalized Spatial Audio with dynamic head tracking</li><li>Sweat and water resistant (IPX4)</li><li>Lightning charging case</li><li>Up to 6 hours listening (30 hours with case)</li><li>Force sensor for music and call control</li><li>Skin-detect sensor for accurate wear detection</li></ul>","Apple","Electronics > Audio > Audio Components > Headphones & Headsets > Headphones > In-Ear Headphones","AirPods","airpods, earbuds, lightning, spatial-audio","TRUE","Color","White","","","","","AP3-LT","47","shopify","100","deny","manual","179.00","","https://cdn.shopify.com/s/files/1/0726/9194/1453/files/airpods-3-lightning.jpg","TRUE","","https://cdn.shopify.com/s/files/1/0726/9194/1453/files/airpods-3-lightning.jpg","1","AirPods 3rd generation with Lightning charging case and earbuds","FALSE","","","Electronics > Audio > Audio Components > Headphones & Headsets > Headphones > In-Ear Headphones","","","AP3-LT","new","","","","","","","g","","","TRUE","","","TRUE","","","active"
"homepod-2-white","HomePod 2nd generation - White","<p>The HomePod 2nd generation in White delivers room-sensing sound with the S7 chip, a high-excursion woofer, and five tweeters. Built-in temperature and humidity sensors and Matter support round out the smart speaker.</p><ul><li>S7 chip in system package</li><li>High-excursion woofer with motor</li><li>Five beamforming tweeters</li><li>Room sensing and computational audio</li><li>Built-in temperature and humidity sensors</li><li>HomeKit and Matter smart home hub</li><li>Sound Recognition for smoke and CO alarms</li></ul>","Apple","Electronics > Audio > Audio Components > Speakers > Smart Speakers","HomePod","homepod, smart-speaker, white, homekit, matter","TRUE","Color","White","","","","","HP2-WT","2150","shopify","100","deny","manual","299.00","","https://cdn.shopify.com/s/files/1/0726/9194/1453/files/homepod-2-white.jpg","TRUE","","https://cdn.shopify.com/s/files/1/0726/9194/1453/files/homepod-2-white.jpg","1","HomePod 2nd generation in White color front view","FALSE","","","Electronics > Audio > Audio Components > Speakers > Smart Speakers","","","HP2-WT","new","","","","","","","g","","","TRUE","","","TRUE","","","active"
"homepod-mini-orange","HomePod mini - Orange","<p>The HomePod mini in Orange delivers full-range sound, Siri, and smart home control in a compact spherical design. Built-in temperature and humidity sensors and Matter support make it a versatile smart home hub.</p><ul><li>Apple S5 chip</li><li>Full-range driver and passive radiators</li><li>Computational audio for room tuning</li><li>Intercom support across HomePods</li><li>HomeKit and Matter smart home hub</li><li>Built-in temperature and humidity sensors</li><li>Compact spherical mesh design</li></ul>","Apple","Electronics > Audio > Audio Components > Speakers > Smart Speakers","HomePod","homepod, smart-speaker, orange, mini, homekit, matter","TRUE","Color","Orange","","","","","HPMINI-OR","346","shopify","100","deny","manual","99.00","","https://cdn.shopify.com/s/files/1/0726/9194/1453/files/homepod-mini-orange.jpg","TRUE","","https://cdn.shopify.com/s/files/1/0726/9194/1453/files/homepod-mini-orange.jpg","1","HomePod mini in Orange color front view","FALSE","","","Electronics > Audio > Audio Components > Speakers > Smart Speakers","","","HPMINI-OR","new","","","","","","","g","","","TRUE","","","TRUE","","","active"
"apple-tv-4k-128gb","Apple TV 4K 128GB with Siri Remote","<p>The Apple TV 4K 128GB with Siri Remote brings the A15 Bionic chip, 4K HDR display, and Thread smart home connectivity to your living room. Ethernet and the redesigned Siri Remote round out the package.</p><ul><li>A15 Bionic chip</li><li>4K HDR with Dolby Vision and Atmos</li><li>128GB storage</li><li>Gigabit Ethernet port</li><li>Thread smart home connectivity</li><li>Redesigned Siri Remote with USB-C and Find My</li><li>Apple Music, Apple Arcade, and Apple TV+</li></ul>","Apple","Electronics > Video > Video Players & Recorders > Streaming & Home Media Players","Apple TV","apple-tv, streaming, 4k, siri-remote, thread","TRUE","Color","Black","","","","","ATV4K-128","482","shopify","100","deny","manual","149.00","","https://cdn.shopify.com/s/files/1/0726/9194/1453/files/apple-tv-4k-128gb.jpg","TRUE","","https://cdn.shopify.com/s/files/1/0726/9194/1453/files/apple-tv-4k-128gb.jpg","1","Apple TV 4K 128GB with Siri Remote front view","FALSE","","","Electronics > Video > Video Players & Recorders > Streaming & Home Media Players","","","ATV4K-128","new","","","","","","","g","","","TRUE","","","TRUE","","","active"
"airtag-4-pack","AirTag 4-pack","<p>The AirTag 4-pack provides four Bluetooth item trackers that work with the Find My network. Precision Finding with the U1 chip on supported iPhones helps locate nearby items with directional guidance.</p><ul><li>Bluetooth and Ultra Wideband U1 chip</li><li>Works with the Find My network</li><li>Precision Finding on supported iPhones</li><li>Built-in speaker for sound alerts</li><li>Replaceable CR2032 battery</li><li>IP67 water and dust resistance</li><li>Personalization with emoji and text</li></ul>","Apple","Electronics > GPS Tracking Devices > Bluetooth Trackers","AirTag","airtag, find-my, tracker, bluetooth, 4-pack","TRUE","Color","White","","","","","ATAG-4PK","44","shopify","100","deny","manual","99.00","","https://cdn.shopify.com/s/files/1/0726/9194/1453/files/airtag-4-pack.jpg","TRUE","","https://cdn.shopify.com/s/files/1/0726/9194/1453/files/airtag-4-pack.jpg","1","Apple AirTag 4-pack four round white item trackers","FALSE","","","Electronics > GPS Tracking Devices > Bluetooth Trackers","","","ATAG-4PK","new","","","","","","","g","","","TRUE","","","TRUE","","","active"
"apple-pencil-pro","Apple Pencil Pro","<p>The Apple Pencil Pro adds a squeeze sensor, haptic feedback, barrel roll, and a squeeze-to-palette interaction to the Apple Pencil experience. Designed for the latest iPad Pro and iPad Air with M2 and later.</p><ul><li>Squeeze sensor with haptic feedback</li><li>Barrel roll for variable tool control</li><li>Side squeeze shows tool palette</li><li>Apple Pencil hover preview</li><li>Low-latency drawing experience</li><li>Free snap-on flat edge for charging</li><li>Compatible with iPad Pro M4 and iPad Air M2</li></ul>","Apple","Electronics > Electronics Accessories > Computer Accessories > Stylus Pens","Apple Pencil","apple-pencil, stylus, ipad, creative, haptic","TRUE","Color","White","","","","","APP-PRO","19","shopify","100","deny","manual","129.00","","https://cdn.shopify.com/s/files/1/0726/9194/1453/files/apple-pencil-pro.jpg","TRUE","","https://cdn.shopify.com/s/files/1/0726/9194/1453/files/apple-pencil-pro.jpg","1","Apple Pencil Pro white stylus diagonal view","FALSE","","","Electronics > Electronics Accessories > Computer Accessories > Stylus Pens","","","APP-PRO","new","","","","","","","g","","","TRUE","","","TRUE","","","active"
"magic-keyboard-ipad-pro","Magic Keyboard for iPad Pro 11-inch","<p>The Magic Keyboard for iPad Pro 11-inch delivers a thin, backlit keyboard with a built-in trackpad and a smooth cantilever hinge. Compatible with the iPad Pro 11-inch M2 and earlier models.</p><ul><li>Backlit Magic Keyboard with scissor mechanism</li><li>Multi-touch trackpad with click anywhere</li><li>Cantilever hinge for adjustable viewing angle</li><li>Floating design for iPad Pro 11-inch</li><li>USB-C pass-through charging</li><li>Foldable protective back</li><li>Compatible with iPad Pro 11-inch (M2 / M1 / 2020)</li></ul>","Apple","Electronics > Electronics Accessories > Computer Components > Input Devices > Keyboards","Keyboard","magic-keyboard, ipad, folio, backlit, trackpad","TRUE","Color","White","","","","","MK-IPP-11","600","shopify","100","deny","manual","299.00","","https://cdn.shopify.com/s/files/1/0726/9194/1453/files/magic-keyboard-ipad-pro.jpg","TRUE","","https://cdn.shopify.com/s/files/1/0726/9194/1453/files/magic-keyboard-ipad-pro.jpg","1","Magic Keyboard for iPad Pro 11-inch open folio view","FALSE","","","Electronics > Electronics Accessories > Computer Components > Input Devices > Keyboards","","","MK-IPP-11","new","","","","","","","g","","","TRUE","","","TRUE","","","active"
"iphone-15-pro-silicone-case-black","iPhone 15 Pro Silicone Case - Black","<p>The iPhone 15 Pro Silicone Case in Black features a soft-touch silicone exterior with a microfiber-lined interior to protect the titanium finish. Compatible with MagSafe wireless charging and the Action button.</p><ul><li>Soft-touch black silicone exterior</li><li>Microfiber-lined interior</li><li>MagSafe compatible for wireless charging</li><li>Designed for iPhone 15 Pro</li><li>Action button cutout</li><li>Camera bump protection</li><li>Wireless charging compatible up to 15W with MagSafe</li></ul>","Apple","Electronics > Communications > Telephony > Mobile & Smart Phone Accessories > Mobile Phone Cases","Case","case, silicone, black, magsafe, iphone-15-pro","TRUE","Color","Black","","","","","IP15PC-BK","25","shopify","100","deny","manual","49.00","","https://cdn.shopify.com/s/files/1/0726/9194/1453/files/iphone-15-pro-silicone-case-black.jpg","TRUE","","https://cdn.shopify.com/s/files/1/0726/9194/1453/files/iphone-15-pro-silicone-case-black.jpg","1","iPhone 15 Pro Silicone Case in Black color upright view","FALSE","","","Electronics > Communications > Telephony > Mobile & Smart Phone Accessories > Mobile Phone Cases","","","IP15PC-BK","new","","","","","","","g","","","TRUE","","","TRUE","","","active"
"magsafe-charger","MagSafe Charger","<p>The MagSafe Charger provides 15W fast wireless charging for iPhone 12 and later with MagSafe magnets. A non-slip surface and USB-C cable make it a clean desk accessory.</p><ul><li>15W wireless charging for iPhone</li><li>Magnetic alignment for iPhone 12 and later</li><li>Charges AirPods with Wireless Charging Case</li><li>Non-slip surface</li><li>USB-C cable attached</li><li>Foreign object detection</li><li>Compact round disc design</li></ul>","Apple","Electronics > Electronics Accessories > Power > Power Adapters & Chargers > Wireless Chargers","Charger","magsafe, charger, wireless, usb-c, iphone","TRUE","Color","White","","","","","MSC","40","shopify","100","deny","manual","39.00","","https://cdn.shopify.com/s/files/1/0726/9194/1453/files/magsafe-charger.jpg","TRUE","","https://cdn.shopify.com/s/files/1/0726/9194/1453/files/magsafe-charger.jpg","1","Apple MagSafe Charger round white charging pad view","FALSE","","","Electronics > Electronics Accessories > Power > Power Adapters & Chargers > Wireless Chargers","","","MSC","new","","","","","","","g","","","TRUE","","","TRUE","","","active"
"140w-usb-c-power-adapter","140W USB-C Power Adapter","<p>The Apple 140W USB-C Power Adapter delivers fast charging for the 16-inch MacBook Pro and other USB-C devices. Compact form factor with foldable prongs for travel.</p><ul><li>140W power output</li><li>USB-C port</li><li>Fast charges 16-inch MacBook Pro</li><li>Foldable prongs for travel</li><li>Compatible with MacBook Pro and MacBook Air</li><li>Powers USB-C devices up to 140W</li><li>Compact square white design</li></ul>","Apple","Electronics > Electronics Accessories > Power > Power Adapters & Chargers > Wall Chargers","Charger","charger, power-adapter, 140w, usb-c, macbook","TRUE","Color","White","","","","","PA-140W-USBC","230","shopify","100","deny","manual","99.00","","https://cdn.shopify.com/s/files/1/0726/9194/1453/files/140w-usb-c-power-adapter.jpg","TRUE","","https://cdn.shopify.com/s/files/1/0726/9194/1453/files/140w-usb-c-power-adapter.jpg","1","Apple 140W USB-C Power Adapter white square brick view","FALSE","","","Electronics > Electronics Accessories > Power > Power Adapters & Chargers > Wall Chargers","","","PA-140W-USBC","new","","","","","","","g","","","TRUE","","","TRUE","","","active"
"thunderbolt-4-pro-cable-1m","Thunderbolt 4 Pro Cable 1m","<p>The Apple Thunderbolt 4 Pro Cable 1m delivers 40Gbps data transfer, Thunderbolt 4 docking, and up to 100W charging. A premium black braided design with metal connector housings.</p><ul><li>Thunderbolt 4 (40Gbps data transfer)</li><li>Supports up to 100W charging</li><li>DisplayPort 1.4 video output</li><li>PCIe data transfer support</li><li>Black braided cable design</li><li>1 meter length</li><li>USB-C connector on both ends</li></ul>","Apple","Electronics > Electronics Accessories > Cables > Storage & Data Transfer Cables > Thunderbolt Cables","Cable","thunderbolt-4, cable, usb-c, 1m, pro","TRUE","Color","Black","","","","","T4PC-1M","60","shopify","100","deny","manual","145.00","","https://cdn.shopify.com/s/files/1/0726/9194/1453/files/thunderbolt-4-pro-cable.jpg","TRUE","","https://cdn.shopify.com/s/files/1/0726/9194/1453/files/thunderbolt-4-pro-cable.jpg","1","Apple Thunderbolt 4 Pro Cable 1m black braided with USB-C connectors","FALSE","","","Electronics > Electronics Accessories > Cables > Storage & Data Transfer Cables > Thunderbolt Cables","","","T4PC-1M","new","","","","","","","g","","","TRUE","","","TRUE","","","active"
